"HS2","HS2 ID","HS4","HS4 ID","Section","Section ID","Trade Value","Year"
"Live animals",101,"Horses",10101,"Animal Products",1,5,2023
"Live animals",101,"Other Animals",10106,"Animal Products",1,1447,2023
"Meat & edible offal",102,"Bovine Meat",10201,"Animal Products",1,18352,2023
"Meat & edible offal",102,"Frozen Bovine Meat",10202,"Animal Products",1,174283,2023
"Meat & edible offal",102,"Sheep and Goat Meat",10204,"Animal Products",1,64470,2023
"Meat & edible offal",102,"Edible Offal",10206,"Animal Products",1,385880,2023
"Meat & edible offal",102,"Poultry Meat",10207,"Animal Products",1,8261.000000000002,2023
"Meat & edible offal",102,"Other Meat",10208,"Animal Products",1,5813,2023
"Meat & edible offal",102,"Preserved Meat",10210,"Animal Products",1,2194502,2023
"Fish, Crustaceans & Molluscs",103,"Live Fish",10301,"Animal Products",1,24082402.000000004,2023
"Fish, Crustaceans & Molluscs",103,"Non-fillet Fresh Fish",10302,"Animal Products",1,48418147,2023
"Fish, Crustaceans & Molluscs",103,"Non-fillet Frozen Fish",10303,"Animal Products",1,26366002,2023
"Fish, Crustaceans & Molluscs",103,"Fish Fillets",10304,"Animal Products",1,2194600,2023
"Fish, Crustaceans & Molluscs",103,"Dried/Salted/Smoked/Brined Fish",10305,"Animal Products",1,8859108,2023
"Fish, Crustaceans & Molluscs",103,"Crustaceans",10306,"Animal Products",1,277025127,2023
"Fish, Crustaceans & Molluscs",103,"Molluscs",10307,"Animal Products",1,11671018.000000002,2023
"Fish, Crustaceans & Molluscs",103,"Aquatic invertebrates, other than crustaceans and molluscs",10308,"Animal Products",1,62778,2023
"Edible products of animal origin, n.e.s.",104,"Milk",10401,"Animal Products",1,442623.99999999994,2023
"Edible products of animal origin, n.e.s.",104,"Concentrated Milk",10402,"Animal Products",1,878329.9999999999,2023
"Edible products of animal origin, n.e.s.",104,"Fermented Milk Products",10403,"Animal Products",1,740820,2023
"Edible products of animal origin, n.e.s.",104,"Whey and other milk products",10404,"Animal Products",1,86384,2023
"Edible products of animal origin, n.e.s.",104,"Butter",10405,"Animal Products",1,585117,2023
"Edible products of animal origin, n.e.s.",104,"Cheese",10406,"Animal Products",1,83310,2023
"Edible products of animal origin, n.e.s.",104,"Honey",10409,"Animal Products",1,227079,2023
"Animal originated products, n.e.s.",105,"Human Hair",10501,"Animal Products",1,55849,2023
"Animal originated products, n.e.s.",105,"Animal Organs",10504,"Animal Products",1,91762,2023
"Animal originated products, n.e.s.",105,"Bird Feathers and Skins",10505,"Animal Products",1,235048,2023
"Animal originated products, n.e.s.",105,"Processed Bones",10506,"Animal Products",1,9017.999999999998,2023
"Animal originated products, n.e.s.",105,"Raw Bones",10507,"Animal Products",1,59016,2023
"Animal originated products, n.e.s.",105,"Coral and Shells",10508,"Animal Products",1,171819.99999999997,2023
"Animal originated products, n.e.s.",105,"Other Inedible Animal Products",10511,"Animal Products",1,5835889,2023
"Live trees, plants, bulbs, cut flowers, & ornamental foliage",206,"Bulbs and Roots",20601,"Vegetable Products",2,188,2023
"Live trees, plants, bulbs, cut flowers, & ornamental foliage",206,"Other live plants, cuttings and slips;
mushroom spawn",20602,"Vegetable Products",2,29383,2023
"Live trees, plants, bulbs, cut flowers, & ornamental foliage",206,"Cut Flowers",20603,"Vegetable Products",2,798,2023
"Live trees, plants, bulbs, cut flowers, & ornamental foliage",206,"Plant foliage",20604,"Vegetable Products",2,94328,2023
"Edible vegetables, roots, & tubers",207,"Potatoes",20701,"Vegetable Products",2,7375574,2023
"Edible vegetables, roots, & tubers",207,"Tomatoes",20702,"Vegetable Products",2,190149,2023
"Edible vegetables, roots, & tubers",207,"Onions",20703,"Vegetable Products",2,74045,2023
"Edible vegetables, roots, & tubers",207,"Cabbages",20704,"Vegetable Products",2,551602,2023
"Edible vegetables, roots, & tubers",207,"Lettuce",20705,"Vegetable Products",2,227.00000000000003,2023
"Edible vegetables, roots, & tubers",207,"Root Vegetables",20706,"Vegetable Products",2,75220,2023
"Edible vegetables, roots, & tubers",207,"Cucumbers",20707,"Vegetable Products",2,954908.9999999999,2023
"Edible vegetables, roots, & tubers",207,"Legumes",20708,"Vegetable Products",2,1570400,2023
"Edible vegetables, roots, & tubers",207,"Other Vegetables",20709,"Vegetable Products",2,27833243,2023
"Edible vegetables, roots, & tubers",207,"Frozen Vegetables",20710,"Vegetable Products",2,3047444,2023
"Edible vegetables, roots, & tubers",207,"Preserved Vegetables",20711,"Vegetable Products",2,176703.99999999997,2023
"Edible vegetables, roots, & tubers",207,"Dried Vegetables",20712,"Vegetable Products",2,26507,2023
"Edible vegetables, roots, & tubers",207,"Dried Legumes",20713,"Vegetable Products",2,380219,2023
"Edible vegetables, roots, & tubers",207,"Cassava",20714,"Vegetable Products",2,2339077,2023
"Edible fruits, nuts & fruit peels",208,"Coconuts, Brazil Nuts, and Cashews",20801,"Vegetable Products",2,42014,2023
"Edible fruits, nuts & fruit peels",208,"Other Nuts",20802,"Vegetable Products",2,9492527,2023
"Edible fruits, nuts & fruit peels",208,"Bananas",20803,"Vegetable Products",2,869717,2023
"Edible fruits, nuts & fruit peels",208,"Tropical Fruits",20804,"Vegetable Products",2,7373822,2023
"Edible fruits, nuts & fruit peels",208,"Citrus",20805,"Vegetable Products",2,2039261,2023
"Edible fruits, nuts & fruit peels",208,"Grapes",20806,"Vegetable Products",2,4694,2023
"Edible fruits, nuts & fruit peels",208,"Melons",20807,"Vegetable Products",2,315010,2023
"Edible fruits, nuts & fruit peels",208,"Apples and Pears",20808,"Vegetable Products",2,13348.000000000002,2023
"Edible fruits, nuts & fruit peels",208,"Pitted Fruits",20809,"Vegetable Products",2,117665.00000000001,2023
"Edible fruits, nuts & fruit peels",208,"Other Fruits",20810,"Vegetable Products",2,11804386,2023
"Edible fruits, nuts & fruit peels",208,"Frozen Fruits and Nuts",20811,"Vegetable Products",2,320792,2023
"Edible fruits, nuts & fruit peels",208,"Dried Fruits",20813,"Vegetable Products",2,131485,2023
"Coffee, tea, mate & spices",209,"Coffee",20901,"Vegetable Products",2,3898,2023
"Coffee, tea, mate & spices",209,"Tea",20902,"Vegetable Products",2,2444368,2023
"Coffee, tea, mate & spices",209,"Pepper",20904,"Vegetable Products",2,7172311,2023
"Coffee, tea, mate & spices",209,"Cinnamon",20906,"Vegetable Products",2,101613,2023
"Coffee, tea, mate & spices",209,"Cloves",20907,"Vegetable Products",2,3606,2023
"Coffee, tea, mate & spices",209,"Nutmeg, mace and cardamons",20908,"Vegetable Products",2,47534,2023
"Coffee, tea, mate & spices",209,"Spice Seeds",20909,"Vegetable Products",2,2918463,2023
"Coffee, tea, mate & spices",209,"Spices",20910,"Vegetable Products",2,35119577,2023
"Cereals",210,"Wheat",21001,"Vegetable Products",2,2029,2023
"Cereals",210,"Corn",21005,"Vegetable Products",2,47570.00000000001,2023
"Cereals",210,"Rice",21006,"Vegetable Products",2,14087503,2023
"Cereals",210,"Sorghum",21007,"Vegetable Products",2,471,2023
"Cereals",210,"Buckwheat",21008,"Vegetable Products",2,4849,2023
"Products of the milling industry",211,"Wheat Flours",21101,"Vegetable Products",2,454975,2023
"Products of the milling industry",211,"Cereal Flours",21102,"Vegetable Products",2,60613,2023
"Products of the milling industry",211,"Cereal Meal and Pellets",21103,"Vegetable Products",2,11855,2023
"Products of the milling industry",211,"Processed Cereals",21104,"Vegetable Products",2,114081,2023
"Products of the milling industry",211,"Potato Flours",21105,"Vegetable Products",2,2762146,2023
"Products of the milling industry",211,"Legume Flours",21106,"Vegetable Products",2,249245,2023
"Products of the milling industry",211,"Starches",21108,"Vegetable Products",2,6345,2023
"Oils seeds, oleaginous fruits, grains, straw & fodder",212,"Soybeans",21201,"Vegetable Products",2,247,2023
"Oils seeds, oleaginous fruits, grains, straw & fodder",212,"Ground Nuts",21202,"Vegetable Products",2,148.00000000000003,2023
"Oils seeds, oleaginous fruits, grains, straw & fodder",212,"Copra",21203,"Vegetable Products",2,152486,2023
"Oils seeds, oleaginous fruits, grains, straw & fodder",212,"Linseed",21204,"Vegetable Products",2,3377,2023
"Oils seeds, oleaginous fruits, grains, straw & fodder",212,"Rapeseed",21205,"Vegetable Products",2,36.00000000000001,2023
"Oils seeds, oleaginous fruits, grains, straw & fodder",212,"Other Oily Seeds",21207,"Vegetable Products",2,16942416,2023
"Oils seeds, oleaginous fruits, grains, straw & fodder",212,"Oil Seed Flower",21208,"Vegetable Products",2,12793,2023
"Oils seeds, oleaginous fruits, grains, straw & fodder",212,"Sowing Seeds",21209,"Vegetable Products",2,819140,2023
"Oils seeds, oleaginous fruits, grains, straw & fodder",212,"Perfume Plants",21211,"Vegetable Products",2,3390713,2023
"Oils seeds, oleaginous fruits, grains, straw & fodder",212,"Locust beans, seaweed, sugar beet, cane, for food",21212,"Vegetable Products",2,109347,2023
"Oils seeds, oleaginous fruits, grains, straw & fodder",212,"Cereal Straws",21213,"Vegetable Products",2,4968,2023
"Natural gums, resins & other vegetable extracts",213,"Insect Resins",21301,"Vegetable Products",2,2614755,2023
"Natural gums, resins & other vegetable extracts",213,"Vegetable Saps",21302,"Vegetable Products",2,126741,2023
"Vegetable plaiting materials & products, n.e.s.",214,"Vegetable Plaiting Materials",21401,"Vegetable Products",2,87736,2023
"Vegetable plaiting materials & products, n.e.s.",214,"Other Vegetable Products",21404,"Vegetable Products",2,14568765.000000002,2023
"Animal or vegetable fats, oils, & waxes",315,"Bovine, Sheep, and Goat Fat",31502,"Animal and Vegetable Bi-Products",3,13187.999999999998,2023
"Animal or vegetable fats, oils, & waxes",315,"Fish Oil",31504,"Animal and Vegetable Bi-Products",3,2276.9999999999995,2023
"Animal or vegetable fats, oils, & waxes",315,"Soybean Oil",31507,"Animal and Vegetable Bi-Products",3,24052,2023
"Animal or vegetable fats, oils, & waxes",315,"Ground Nut Oil",31508,"Animal and Vegetable Bi-Products",3,48864,2023
"Animal or vegetable fats, oils, & waxes",315,"Pure Olive Oil",31509,"Animal and Vegetable Bi-Products",3,362.00000000000006,2023
"Animal or vegetable fats, oils, & waxes",315,"Olive Oil",31510,"Animal and Vegetable Bi-Products",3,5439,2023
"Animal or vegetable fats, oils, & waxes",315,"Palm Oil",31511,"Animal and Vegetable Bi-Products",3,5826905,2023
"Animal or vegetable fats, oils, & waxes",315,"Seed Oils",31512,"Animal and Vegetable Bi-Products",3,19485,2023
"Animal or vegetable fats, oils, & waxes",315,"Coconut Oil",31513,"Animal and Vegetable Bi-Products",3,26005.000000000004,2023
"Animal or vegetable fats, oils, & waxes",315,"Rapeseed Oil",31514,"Animal and Vegetable Bi-Products",3,14756273,2023
"Animal or vegetable fats, oils, & waxes",315,"Other Pure Vegetable Oils",31515,"Animal and Vegetable Bi-Products",3,67667310,2023
"Animal or vegetable fats, oils, & waxes",315,"Other Vegetable Oils",31516,"Animal and Vegetable Bi-Products",3,8479,2023
"Animal or vegetable fats, oils, & waxes",315,"Margarine",31517,"Animal and Vegetable Bi-Products",3,198960.99999999997,2023
"Animal or vegetable fats, oils, & waxes",315,"Inedible Fats and Oils",31518,"Animal and Vegetable Bi-Products",3,1245950,2023
"Animal or vegetable fats, oils, & waxes",315,"Vegetable waxes and beeswax",31521,"Animal and Vegetable Bi-Products",3,188,2023
"Preparations of fish, crustacenas, & molluscs",416,"Sausages",41601,"Foodstuffs",4,3415,2023
"Preparations of fish, crustacenas, & molluscs",416,"Other Prepared Meat",41602,"Foodstuffs",4,8151,2023
"Preparations of fish, crustacenas, & molluscs",416,"Animal Extracts",41603,"Foodstuffs",4,40.99999999999999,2023
"Preparations of fish, crustacenas, & molluscs",416,"Processed Fish",41604,"Foodstuffs",4,128695,2023
"Preparations of fish, crustacenas, & molluscs",416,"Processed Crustaceans",41605,"Foodstuffs",4,9036938,2023
"Sugars & confectioneries",417,"Raw Sugar",41701,"Foodstuffs",4,98887,2023
"Sugars & confectioneries",417,"Other Sugars",41702,"Foodstuffs",4,123473.00000000001,2023
"Sugars & confectioneries",417,"Molasses",41703,"Foodstuffs",4,524972,2023
"Sugars & confectioneries",417,"Confectionery Sugar",41704,"Foodstuffs",4,10723172,2023
"Cocoa & cocoa preparations",418,"Cocoa Powder",41805,"Foodstuffs",4,565,2023
"Cocoa & cocoa preparations",418,"Chocolate",41806,"Foodstuffs",4,4270304,2023
"Preparations of cereals, flour, starch or milk",419,"Malt Extract",41901,"Foodstuffs",4,5877382,2023
"Preparations of cereals, flour, starch or milk",419,"Pasta",41902,"Foodstuffs",4,32647454,2023
"Preparations of cereals, flour, starch or milk",419,"Tapioca",41903,"Foodstuffs",4,12110,2023
"Preparations of cereals, flour, starch or milk",419,"Prepared Cereals",41904,"Foodstuffs",4,16466264,2023
"Preparations of cereals, flour, starch or milk",419,"Baked Goods",41905,"Foodstuffs",4,67548698,2023
"Preparations of vegetables, fruit, nuts or other plant parts",420,"Pickled Foods",42001,"Foodstuffs",4,2212735,2023
"Preparations of vegetables, fruit, nuts or other plant parts",420,"Processed Tomatoes",42002,"Foodstuffs",4,3156,2023
"Preparations of vegetables, fruit, nuts or other plant parts",420,"Other Frozen Vegetables",42004,"Foodstuffs",4,825439,2023
"Preparations of vegetables, fruit, nuts or other plant parts",420,"Other Processed Vegetables",42005,"Foodstuffs",4,1296283,2023
"Preparations of vegetables, fruit, nuts or other plant parts",420,"Sugar Preserved Foods",42006,"Foodstuffs",4,100925,2023
"Preparations of vegetables, fruit, nuts or other plant parts",420,"Jams",42007,"Foodstuffs",4,613137,2023
"Preparations of vegetables, fruit, nuts or other plant parts",420,"Other Processed Fruits and Nuts",42008,"Foodstuffs",4,8218320,2023
"Preparations of vegetables, fruit, nuts or other plant parts",420,"Fruit Juice",42009,"Foodstuffs",4,5877018,2023
"Miscellaneous edible preparations",421,"Coffee and Tea Extracts",42101,"Foodstuffs",4,18563,2023
"Miscellaneous edible preparations",421,"Yeast",42102,"Foodstuffs",4,4529,2023
"Miscellaneous edible preparations",421,"Sauces and Seasonings",42103,"Foodstuffs",4,1025970,2023
"Miscellaneous edible preparations",421,"Soups and Broths",42104,"Foodstuffs",4,188536,2023
"Miscellaneous edible preparations",421,"Ice Cream",42105,"Foodstuffs",4,54472,2023
"Miscellaneous edible preparations",421,"Other Edible Preparations",42106,"Foodstuffs",4,4498747,2023
"Beverages, spirits, & vinegar",422,"Water",42201,"Foodstuffs",4,29994,2023
"Beverages, spirits, & vinegar",422,"Flavored Water",42202,"Foodstuffs",4,43135819,2023
"Beverages, spirits, & vinegar",422,"Beer",42203,"Foodstuffs",4,127,2023
"Beverages, spirits, & vinegar",422,"Wine",42204,"Foodstuffs",4,571.0000000000001,2023
"Beverages, spirits, & vinegar",422,"Hard Liquor",42208,"Foodstuffs",4,66397,2023
"Beverages, spirits, & vinegar",422,"Vinegar",42209,"Foodstuffs",4,175201,2023
"Food residues & wastes; animal fodder",423,"Bran",42302,"Foodstuffs",4,6230,2023
"Food residues & wastes; animal fodder",423,"Soybean Meal",42304,"Foodstuffs",4,1136,2023
"Food residues & wastes; animal fodder",423,"Other Vegetable Residues",42306,"Foodstuffs",4,852590.0000000001,2023
"Food residues & wastes; animal fodder",423,"Other Vegetable Residues and Waste",42308,"Foodstuffs",4,345035.99999999994,2023
"Food residues & wastes; animal fodder",423,"Animal Food",42309,"Foodstuffs",4,413678,2023
"Tobacco & substitutes",424,"Raw Tobacco",42401,"Foodstuffs",4,180710693,2023
"Tobacco & substitutes",424,"Rolled Tobacco",42402,"Foodstuffs",4,849182,2023
"Tobacco & substitutes",424,"Processed Tobacco",42403,"Foodstuffs",4,637251,2023
"Salt, sulphur, cement, lime, stone, & plaster",525,"Salt",52501,"Mineral Products",5,71334,2023
"Salt, sulphur, cement, lime, stone, & plaster",525,"Sand",52505,"Mineral Products",5,849,2023
"Salt, sulphur, cement, lime, stone, & plaster",525,"Quartz",52506,"Mineral Products",5,239,2023
"Salt, sulphur, cement, lime, stone, & plaster",525,"Kaolin",52507,"Mineral Products",5,1,2023
"Salt, sulphur, cement, lime, stone, & plaster",525,"Clays",52508,"Mineral Products",5,279801,2023
"Salt, sulphur, cement, lime, stone, & plaster",525,"Barium Sulphate",52511,"Mineral Products",5,69247,2023
"Salt, sulphur, cement, lime, stone, & plaster",525,"Pumice",52513,"Mineral Products",5,35,2023
"Salt, sulphur, cement, lime, stone, & plaster",525,"Granite",52516,"Mineral Products",5,6010,2023
"Salt, sulphur, cement, lime, stone, & plaster",525,"Gravel and Crushed Stone",52517,"Mineral Products",5,1113588,2023
"Salt, sulphur, cement, lime, stone, & plaster",525,"Gypsum",52520,"Mineral Products",5,4,2023
"Salt, sulphur, cement, lime, stone, & plaster",525,"Quicklime",52522,"Mineral Products",5,1965,2023
"Salt, sulphur, cement, lime, stone, & plaster",525,"Cement",52523,"Mineral Products",5,15189378.999999998,2023
"Ores, slag and ash",526,"Manganese Ore",52602,"Mineral Products",5,31,2023
"Ores, slag and ash",526,"Copper Ore",52603,"Mineral Products",5,104.00000000000001,2023
"Ores, slag and ash",526,"Zinc Ore",52608,"Mineral Products",5,268354,2023
"Ores, slag and ash",526,"Tungsten Ore",52611,"Mineral Products",5,76,2023
"Ores, slag and ash",526,"Niobium, Tantalum, Vanadium and Zirconium Ore",52615,"Mineral Products",5,3071,2023
"Ores, slag and ash",526,"Other Ores",52617,"Mineral Products",5,871125,2023
"Ores, slag and ash",526,"Granulated Slag",52618,"Mineral Products",5,762145,2023
"Ores, slag and ash",526,"Slag Dross",52619,"Mineral Products",5,110907.99999999999,2023
"Ores, slag and ash",526,"Non-Iron and Steel Slag, Ash and Residues",52620,"Mineral Products",5,4962803,2023
"Mineral fuels, mineral oils and products of their distillation",527,"Coal Briquettes",52701,"Mineral Products",5,28,2023
"Mineral fuels, mineral oils and products of their distillation",527,"Peat",52703,"Mineral Products",5,8,2023
"Mineral fuels, mineral oils and products of their distillation",527,"Coal Tar Oil",52707,"Mineral Products",5,223,2023
"Mineral fuels, mineral oils and products of their distillation",527,"Crude Petroleum",52709,"Mineral Products",5,39,2023
"Mineral fuels, mineral oils and products of their distillation",527,"Refined Petroleum",52710,"Mineral Products",5,90885114.99999999,2023
"Mineral fuels, mineral oils and products of their distillation",527,"Petroleum Gas",52711,"Mineral Products",5,5966,2023
"Mineral fuels, mineral oils and products of their distillation",527,"Petroleum Jelly",52712,"Mineral Products",5,53.00000000000001,2023
"Mineral fuels, mineral oils and products of their distillation",527,"Petroleum Coke",52713,"Mineral Products",5,33650,2023
"Inorganic chemicals",628,"Halogens",62801,"Chemical Products",6,530654,2023
"Inorganic chemicals",628,"Carbon",62803,"Chemical Products",6,5055.999999999999,2023
"Inorganic chemicals",628,"Other Inorganic Acids",62811,"Chemical Products",6,11185,2023
"Inorganic chemicals",628,"Ammonia",62814,"Chemical Products",6,10723992,2023
"Inorganic chemicals",628,"Sodium or Potassium Peroxides",62815,"Chemical Products",6,13523754,2023
"Inorganic chemicals",628,"Zinc Oxide and Peroxide",62817,"Chemical Products",6,47,2023
"Inorganic chemicals",628,"Aluminium Oxide",62818,"Chemical Products",6,21921,2023
"Inorganic chemicals",628,"Iron Oxides and Hydroxides",62821,"Chemical Products",6,259298,2023
"Inorganic chemicals",628,"Chlorides",62827,"Chemical Products",6,99084,2023
"Inorganic chemicals",628,"Hypochlorites",62828,"Chemical Products",6,34751.99999999999,2023
"Inorganic chemicals",628,"Sulfates",62833,"Chemical Products",6,103,2023
"Inorganic chemicals",628,"Nitrites and Nitrates",62834,"Chemical Products",6,10,2023
"Inorganic chemicals",628,"Carbonates",62836,"Chemical Products",6,2899.9999999999995,2023
"Inorganic chemicals",628,"Silicates",62839,"Chemical Products",6,166,2023
"Inorganic chemicals",628,"Oxometallic or Peroxometallic Acid Salts",62841,"Chemical Products",6,12453,2023
"Inorganic chemicals",628,"Radioactive Chemicals",62844,"Chemical Products",6,7039,2023
"Inorganic chemicals",628,"Other Isotopes",62845,"Chemical Products",6,535274,2023
"Inorganic chemicals",628,"Hydrogen peroxide",62847,"Chemical Products",6,21435339,2023
"Inorganic chemicals",628,"Compounds, inorganic or organic, of mercury, excluding amalgams",62852,"Chemical Products",6,26.000000000000004,2023
"Inorganic chemicals",628,"Other inorganic compounds",62853,"Chemical Products",6,8,2023
"Organic chemicals",629,"Cyclic Hydrocarbons",62902,"Chemical Products",6,223.99999999999997,2023
"Organic chemicals",629,"Halogenated Hydrocarbons",62903,"Chemical Products",6,207795,2023
"Organic chemicals",629,"Acyclic alcohol derivatives (halogenated, sulphonated, nitrated)",62905,"Chemical Products",6,352.00000000000006,2023
"Organic chemicals",629,"Ethers",62909,"Chemical Products",6,146439,2023
"Organic chemicals",629,"Acetals and Hemiacetals",62911,"Chemical Products",6,286.00000000000006,2023
"Organic chemicals",629,"Aldehydes, cyclic polymers, and paraformaldehyde",62912,"Chemical Products",6,239,2023
"Organic chemicals",629,"Ketones and Quinones",62914,"Chemical Products",6,2,2023
"Organic chemicals",629,"Saturated Acyclic Monocarboxylic Acids",62915,"Chemical Products",6,4301,2023
"Organic chemicals",629,"Unsaturated Acyclic Monocarboxylic Acids",62916,"Chemical Products",6,7510.000000000001,2023
"Organic chemicals",629,"Polycarboxylic Acids",62917,"Chemical Products",6,43153,2023
"Organic chemicals",629,"Carboxylic Acids",62918,"Chemical Products",6,13.999999999999998,2023
"Organic chemicals",629,"Amine Compounds",62921,"Chemical Products",6,145,2023
"Organic chemicals",629,"Oxygen Amino Compounds",62922,"Chemical Products",6,134,2023
"Organic chemicals",629,"Quaternary Ammonium Salts and Hydroxides",62923,"Chemical Products",6,3117153,2023
"Organic chemicals",629,"Carboxyimide Compounds",62925,"Chemical Products",6,45,2023
"Organic chemicals",629,"Nitrile Compounds",62926,"Chemical Products",6,7093.999999999999,2023
"Organic chemicals",629,"Oxygen Heterocyclic Compounds",62932,"Chemical Products",6,130,2023
"Organic chemicals",629,"Nitrogen Heterocyclic Compounds",62933,"Chemical Products",6,730701,2023
"Organic chemicals",629,"Nucleic Acids",62934,"Chemical Products",6,201,2023
"Organic chemicals",629,"Sulfonamides",62935,"Chemical Products",6,63,2023
"Organic chemicals",629,"Vitamins",62936,"Chemical Products",6,148441,2023
"Organic chemicals",629,"Hormones",62937,"Chemical Products",6,1320457,2023
"Organic chemicals",629,"Antibiotics",62941,"Chemical Products",6,505,2023
"Organic chemicals",629,"Other Organic Compounds",62942,"Chemical Products",6,1229,2023
"Pharmaceutical products",630,"Glands and Other Organs",63001,"Chemical Products",6,338,2023
"Pharmaceutical products",630,"Vaccines, blood, antisera, toxins and cultures",63002,"Chemical Products",6,2203540,2023
"Pharmaceutical products",630,"Unpackaged Medicaments",63003,"Chemical Products",6,2065335,2023
"Pharmaceutical products",630,"Packaged Medicaments",63004,"Chemical Products",6,133034037,2023
"Pharmaceutical products",630,"Bandages",63005,"Chemical Products",6,24049,2023
"Pharmaceutical products",630,"Special Pharmaceuticals",63006,"Chemical Products",6,913874,2023
"Fertilizers",631,"Potassic Fertilizers",63104,"Chemical Products",6,1,2023
"Fertilizers",631,"Mixed Mineral or Chemical Fertilizers",63105,"Chemical Products",6,5099,2023
"Paints, dyes, & varnishes",632,"Vegetable Tanning Extracts",63201,"Chemical Products",6,15235,2023
"Paints, dyes, & varnishes",632,"Synthetic Tanning Extracts",63202,"Chemical Products",6,3,2023
"Paints, dyes, & varnishes",632,"Vegetable or Animal Dyes",63203,"Chemical Products",6,1526,2023
"Paints, dyes, & varnishes",632,"Synthetic Coloring Matter",63204,"Chemical Products",6,17901,2023
"Paints, dyes, & varnishes",632,"Other Coloring Matter",63206,"Chemical Products",6,1725.0000000000002,2023
"Paints, dyes, & varnishes",632,"Prepared Pigments",63207,"Chemical Products",6,995,2023
"Paints, dyes, & varnishes",632,"Nonaqueous Paints",63208,"Chemical Products",6,153012,2023
"Paints, dyes, & varnishes",632,"Aqueous Paints",63209,"Chemical Products",6,73,2023
"Paints, dyes, & varnishes",632,"Other Paints",63210,"Chemical Products",6,2,2023
"Paints, dyes, & varnishes",632,"Prepared Paint Driers",63211,"Chemical Products",6,61,2023
"Paints, dyes, & varnishes",632,"Nonaqueous Pigments",63212,"Chemical Products",6,8190,2023
"Paints, dyes, & varnishes",632,"Artistry Paints",63213,"Chemical Products",6,1771,2023
"Paints, dyes, & varnishes",632,"Glaziers Putty",63214,"Chemical Products",6,699,2023
"Paints, dyes, & varnishes",632,"Ink",63215,"Chemical Products",6,4730,2023
"Perfumery & cosmetics",633,"Essential Oils",63301,"Chemical Products",6,2253110,2023
"Perfumery & cosmetics",633,"Scented Mixtures",63302,"Chemical Products",6,172895,2023
"Perfumery & cosmetics",633,"Perfumes",63303,"Chemical Products",6,99954.00000000001,2023
"Perfumery & cosmetics",633,"Beauty Products",63304,"Chemical Products",6,618577,2023
"Perfumery & cosmetics",633,"Hair Products",63305,"Chemical Products",6,115069,2023
"Perfumery & cosmetics",633,"Dental Products",63306,"Chemical Products",6,45245,2023
"Perfumery & cosmetics",633,"Shaving Products",63307,"Chemical Products",6,612191,2023
"Soap, cleaners, candles, dental, modelling pastes",634,"Soap",63401,"Chemical Products",6,1288366,2023
"Soap, cleaners, candles, dental, modelling pastes",634,"Cleaning Products",63402,"Chemical Products",6,95421,2023
"Soap, cleaners, candles, dental, modelling pastes",634,"Lubricating Products",63403,"Chemical Products",6,25420,2023
"Soap, cleaners, candles, dental, modelling pastes",634,"Waxes",63404,"Chemical Products",6,147,2023
"Soap, cleaners, candles, dental, modelling pastes",634,"Polishes and Creams",63405,"Chemical Products",6,72972,2023
"Soap, cleaners, candles, dental, modelling pastes",634,"Candles",63406,"Chemical Products",6,164563,2023
"Soap, cleaners, candles, dental, modelling pastes",634,"Pastes and Waxes",63407,"Chemical Products",6,14995,2023
"Glues, starches, & albuminoid products",635,"Gelatin",63503,"Chemical Products",6,4035184,2023
"Glues, starches, & albuminoid products",635,"Dextrins",63505,"Chemical Products",6,329,2023
"Glues, starches, & albuminoid products",635,"Glues",63506,"Chemical Products",6,22317,2023
"Glues, starches, & albuminoid products",635,"Enzymes",63507,"Chemical Products",6,77,2023
"Explosives, matches, & fireworks",636,"Fireworks",63604,"Chemical Products",6,1002,2023
"Explosives, matches, & fireworks",636,"Matches",63605,"Chemical Products",6,13.000000000000002,2023
"Explosives, matches, & fireworks",636,"Pyrophoric Alloys",63606,"Chemical Products",6,16,2023
"Photo & movie goods",637,"Photographic Plates",63701,"Chemical Products",6,1185,2023
"Photo & movie goods",637,"Photographic Film",63702,"Chemical Products",6,710,2023
"Photo & movie goods",637,"Photographic Paper",63703,"Chemical Products",6,391,2023
"Photo & movie goods",637,"Developed Exposed Photographic Material",63705,"Chemical Products",6,52.00000000000001,2023
"Photo & movie goods",637,"Photographic Chemicals",63707,"Chemical Products",6,114,2023
"Chemical products n.e.s.",638,"Activated Carbon",63802,"Chemical Products",6,279,2023
"Chemical products n.e.s.",638,"Rosin",63806,"Chemical Products",6,334,2023
"Chemical products n.e.s.",638,"Pesticides",63808,"Chemical Products",6,701572,2023
"Chemical products n.e.s.",638,"Dyeing Finishing Agents",63809,"Chemical Products",6,184315,2023
"Chemical products n.e.s.",638,"Metal Pickling Preparations",63810,"Chemical Products",6,13.999999999999998,2023
"Chemical products n.e.s.",638,"Antiknock",63811,"Chemical Products",6,161,2023
"Chemical products n.e.s.",638,"Fire Extinguishers Preparations",63813,"Chemical Products",6,608,2023
"Chemical products n.e.s.",638,"Organic Composite Solvents",63814,"Chemical Products",6,187,2023
"Chemical products n.e.s.",638,"Disc Chemicals for Electronics",63818,"Chemical Products",6,124,2023
"Chemical products n.e.s.",638,"Antifreeze",63820,"Chemical Products",6,2471,2023
"Chemical products n.e.s.",638,"Micro-Organism Culture Preparations",63821,"Chemical Products",6,188,2023
"Chemical products n.e.s.",638,"Laboratory Reagents",63822,"Chemical Products",6,28623,2023
"Chemical products n.e.s.",638,"Industrial Fatty Acids, Oils and Alcohols",63823,"Chemical Products",6,24039806,2023
"Chemical products n.e.s.",638,"Prepr binder for foundry",63824,"Chemical Products",6,21596536,2023
"Chemical products n.e.s.",638,"Residual products of the chemical or allied industries",63825,"Chemical Products",6,324581,2023
"Chemical products n.e.s.",638,"Biodiesel and mixtures thereof",63826,"Chemical Products",6,2,2023
"Plastics & articles thereof",739,"Ethylene Polymers",73901,"Plastics and Rubbers",7,3309218,2023
"Plastics & articles thereof",739,"Propylene Polymers",73902,"Plastics and Rubbers",7,117341.99999999999,2023
"Plastics & articles thereof",739,"Styrene Polymers",73903,"Plastics and Rubbers",7,30307,2023
"Plastics & articles thereof",739,"Vinyl Chloride Polymers",73904,"Plastics and Rubbers",7,11968081,2023
"Plastics & articles thereof",739,"Acrylic Polymers",73906,"Plastics and Rubbers",7,17041,2023
"Plastics & articles thereof",739,"Polyacetals",73907,"Plastics and Rubbers",7,33340559,2023
"Plastics & articles thereof",739,"Polyamides",73908,"Plastics and Rubbers",7,9483546,2023
"Plastics & articles thereof",739,"Amino-resins",73909,"Plastics and Rubbers",7,17627,2023
"Plastics & articles thereof",739,"Silicone",73910,"Plastics and Rubbers",7,2064,2023
"Plastics & articles thereof",739,"Petroleum Resins",73911,"Plastics and Rubbers",7,13925.999999999998,2023
"Plastics & articles thereof",739,"Polymer Ion-Exchangers",73914,"Plastics and Rubbers",7,110,2023
"Plastics & articles thereof",739,"Scrap Plastic",73915,"Plastics and Rubbers",7,3480229.9999999995,2023
"Plastics & articles thereof",739,"Monofilament",73916,"Plastics and Rubbers",7,3526,2023
"Plastics & articles thereof",739,"Plastic Pipes",73917,"Plastics and Rubbers",7,940311,2023
"Plastics & articles thereof",739,"Plastic Floor Coverings",73918,"Plastics and Rubbers",7,248793,2023
"Plastics & articles thereof",739,"Self-adhesive Plastics",73919,"Plastics and Rubbers",7,603712,2023
"Plastics & articles thereof",739,"Raw Plastic Sheeting",73920,"Plastics and Rubbers",7,13865174,2023
"Plastics & articles thereof",739,"Other Plastic Sheetings",73921,"Plastics and Rubbers",7,578326,2023
"Plastics & articles thereof",739,"Plastic Wash Basins",73922,"Plastics and Rubbers",7,1508837,2023
"Plastics & articles thereof",739,"Plastic Lids",73923,"Plastics and Rubbers",7,19032608,2023
"Plastics & articles thereof",739,"Plastic Housewares",73924,"Plastics and Rubbers",7,26803458,2023
"Plastics & articles thereof",739,"Plastic Building Materials",73925,"Plastics and Rubbers",7,1820918,2023
"Plastics & articles thereof",739,"Other Plastic Products",73926,"Plastics and Rubbers",7,21031228,2023
"Rubber & articles thereof",740,"Rubber",74001,"Plastics and Rubbers",7,4227258,2023
"Rubber & articles thereof",740,"Scrap Rubber",74004,"Plastics and Rubbers",7,144320,2023
"Rubber & articles thereof",740,"Compounded Unvulcanised Rubber",74005,"Plastics and Rubbers",7,100968,2023
"Rubber & articles thereof",740,"Unvulcanised Rubber Products",74006,"Plastics and Rubbers",7,4251,2023
"Rubber & articles thereof",740,"Rubber Thread",74007,"Plastics and Rubbers",7,764,2023
"Rubber & articles thereof",740,"Rubber Sheets",74008,"Plastics and Rubbers",7,54635,2023
"Rubber & articles thereof",740,"Rubber Pipes",74009,"Plastics and Rubbers",7,519483,2023
"Rubber & articles thereof",740,"Rubber Belting",74010,"Plastics and Rubbers",7,21702,2023
"Rubber & articles thereof",740,"Rubber Tires",74011,"Plastics and Rubbers",7,1604478.0000000002,2023
"Rubber & articles thereof",740,"Used Rubber Tires",74012,"Plastics and Rubbers",7,5439,2023
"Rubber & articles thereof",740,"Rubber Inner Tubes",74013,"Plastics and Rubbers",7,797309.9999999999,2023
"Rubber & articles thereof",740,"Pharmaceutical Rubber Products",74014,"Plastics and Rubbers",7,1054,2023
"Rubber & articles thereof",740,"Rubber Apparel",74015,"Plastics and Rubbers",7,535648,2023
"Rubber & articles thereof",740,"Other Rubber Products",74016,"Plastics and Rubbers",7,1909896,2023
"Raw hides & skin (non-fur)",841,"Equine and Bovine Hides",84101,"Animal Hides",8,1159672.9999999998,2023
"Raw hides & skin (non-fur)",841,"Sheep Hides",84102,"Animal Hides",8,57,2023
"Raw hides & skin (non-fur)",841,"Other Hides and Skins",84103,"Animal Hides",8,31148.000000000004,2023
"Raw hides & skin (non-fur)",841,"Tanned Equine and Bovine Hides",84104,"Animal Hides",8,93455870,2023
"Raw hides & skin (non-fur)",841,"Tanned Sheep Hides",84105,"Animal Hides",8,188620,2023
"Raw hides & skin (non-fur)",841,"Tanned Goat Hides",84106,"Animal Hides",8,4601276,2023
"Raw hides & skin (non-fur)",841,"Leather of Other Animals",84107,"Animal Hides",8,17208388,2023
"Raw hides & skin (non-fur)",841,"Leather further prepared after tanning or crusting of sheep or lamb",84112,"Animal Hides",8,656926,2023
"Raw hides & skin (non-fur)",841,"Leather further prepared after tanning or crusting of animals (other than ovine)",84113,"Animal Hides",8,1319614,2023
"Raw hides & skin (non-fur)",841,"Chamois (including combination chamois) leather",84114,"Animal Hides",8,27322,2023
"Raw hides & skin (non-fur)",841,"Composition leather with a basis of leather or leather fibre",84115,"Animal Hides",8,246689,2023
"Leather articles",842,"Saddlery",84201,"Animal Hides",8,2418983,2023
"Leather articles",842,"Trunks and Cases",84202,"Animal Hides",8,478839267,2023
"Leather articles",842,"Leather Apparel",84203,"Animal Hides",8,38247982,2023
"Leather articles",842,"Other Leather Articles",84205,"Animal Hides",8,1720652,2023
"Furskins, articifial fur, & articles",843,"Raw Furskins",84301,"Animal Hides",8,1,2023
"Furskins, articifial fur, & articles",843,"Tanned Furskins",84302,"Animal Hides",8,1650,2023
"Furskins, articifial fur, & articles",843,"Furskin Apparel",84303,"Animal Hides",8,595150,2023
"Furskins, articifial fur, & articles",843,"Artificial Fur",84304,"Animal Hides",8,211397,2023
"Wood, wood articles, & charcoal",944,"Fuel Wood",94401,"Wood Products",9,164982,2023
"Wood, wood articles, & charcoal",944,"Wood Charcoal",94402,"Wood Products",9,10487088,2023
"Wood, wood articles, & charcoal",944,"Rough Wood",94403,"Wood Products",9,35432,2023
"Wood, wood articles, & charcoal",944,"Wood Stakes",94404,"Wood Products",9,32079,2023
"Wood, wood articles, & charcoal",944,"Sawn Wood",94407,"Wood Products",9,43512,2023
"Wood, wood articles, & charcoal",944,"Veneer Sheets",94408,"Wood Products",9,4775,2023
"Wood, wood articles, & charcoal",944,"Shaped Wood",94409,"Wood Products",9,56.00000000000001,2023
"Wood, wood articles, & charcoal",944,"Particle Board",94410,"Wood Products",9,1173993,2023
"Wood, wood articles, & charcoal",944,"Wood Fiberboard",94411,"Wood Products",9,8643,2023
"Wood, wood articles, & charcoal",944,"Plywood",94412,"Wood Products",9,10716,2023
"Wood, wood articles, & charcoal",944,"Densified Wood",94413,"Wood Products",9,551,2023
"Wood, wood articles, & charcoal",944,"Wood Frames",94414,"Wood Products",9,17952,2023
"Wood, wood articles, & charcoal",944,"Wood Crates",94415,"Wood Products",9,12898,2023
"Wood, wood articles, & charcoal",944,"Wood Barrels",94416,"Wood Products",9,219,2023
"Wood, wood articles, & charcoal",944,"Wooden Tool Handles",94417,"Wood Products",9,654,2023
"Wood, wood articles, & charcoal",944,"Wood Carpentry",94418,"Wood Products",9,1855.0000000000002,2023
"Wood, wood articles, & charcoal",944,"Wood Kitchenware",94419,"Wood Products",9,210232,2023
"Wood, wood articles, & charcoal",944,"Wood Ornaments",94420,"Wood Products",9,258298,2023
"Wood, wood articles, & charcoal",944,"Other Wood Articles",94421,"Wood Products",9,209113,2023
"Cork & cork articles",945,"Natural Cork Articles",94503,"Wood Products",9,183,2023
"Cork & cork articles",945,"Agglomerated Cork",94504,"Wood Products",9,7169,2023
"Straw & esparto manufactures",946,"Plaiting Products",94601,"Wood Products",9,5133298,2023
"Straw & esparto manufactures",946,"Basketwork",94602,"Wood Products",9,36723495,2023
"Wood pulp & paper scrap",1047,"Recovered Paper Pulp",104706,"Paper Goods",10,163,2023
"Wood pulp & paper scrap",1047,"Recovered Paper",104707,"Paper Goods",10,1351,2023
"Paper articles",1048,"Newsprint",104801,"Paper Goods",10,378,2023
"Paper articles",1048,"Uncoated Paper",104802,"Paper Goods",10,2039629,2023
"Paper articles",1048,"Tissue",104803,"Paper Goods",10,6592611,2023
"Paper articles",1048,"Kraft Paper",104804,"Paper Goods",10,15670,2023
"Paper articles",1048,"Other Uncoated Paper",104805,"Paper Goods",10,36516.00000000001,2023
"Paper articles",1048,"Vegetable Parchment",104806,"Paper Goods",10,1111024,2023
"Paper articles",1048,"Composite Paper",104807,"Paper Goods",10,1,2023
"Paper articles",1048,"Corrugated Paper",104808,"Paper Goods",10,727.0000000000001,2023
"Paper articles",1048,"Carbon Paper",104809,"Paper Goods",10,1022,2023
"Paper articles",1048,"Kaolin Coated Paper",104810,"Paper Goods",10,396193,2023
"Paper articles",1048,"Cellulose Fibers Paper",104811,"Paper Goods",10,13424732,2023
"Paper articles",1048,"Cigarette Paper",104813,"Paper Goods",10,133233,2023
"Paper articles",1048,"Wallpaper",104814,"Paper Goods",10,798,2023
"Paper articles",1048,"Other Carbon Paper",104816,"Paper Goods",10,16525,2023
"Paper articles",1048,"Letter Stock",104817,"Paper Goods",10,79068,2023
"Paper articles",1048,"Toilet Paper",104818,"Paper Goods",10,1555336,2023
"Paper articles",1048,"Paper Containers",104819,"Paper Goods",10,2450390,2023
"Paper articles",1048,"Paper Notebooks",104820,"Paper Goods",10,154997,2023
"Paper articles",1048,"Paper Labels",104821,"Paper Goods",10,2422079,2023
"Paper articles",1048,"Shaped Paper",104823,"Paper Goods",10,1392435,2023
"Books, newspapers, & other prints",1049,"Brochures",104901,"Paper Goods",10,2521975,2023
"Books, newspapers, & other prints",1049,"Newspapers",104902,"Paper Goods",10,3770,2023
"Books, newspapers, & other prints",1049,"Children's Picture Books",104903,"Paper Goods",10,32073,2023
"Books, newspapers, & other prints",1049,"Sheet Music",104904,"Paper Goods",10,570,2023
"Books, newspapers, & other prints",1049,"Maps",104905,"Paper Goods",10,710,2023
"Books, newspapers, & other prints",1049,"Architectural Plans",104906,"Paper Goods",10,37,2023
"Books, newspapers, & other prints",1049,"Documents of title (bonds etc) and unused stamps",104907,"Paper Goods",10,1124,2023
"Books, newspapers, & other prints",1049,"Decals",104908,"Paper Goods",10,48883,2023
"Books, newspapers, & other prints",1049,"Postcards",104909,"Paper Goods",10,130794,2023
"Books, newspapers, & other prints",1049,"Calendars",104910,"Paper Goods",10,93593,2023
"Books, newspapers, & other prints",1049,"Other Printed Material",104911,"Paper Goods",10,605133,2023
"Silk",1150,"Silk Waste Yarn",115005,"Textiles",11,21142,2023
"Silk",1150,"Silk Fabrics",115007,"Textiles",11,17186,2023
"Wool & animal hair",1151,"Wool",115101,"Textiles",11,3865,2023
"Wool & animal hair",1151,"Animal Hair",115102,"Textiles",11,93.00000000000001,2023
"Wool & animal hair",1151,"Wool or Animal Hair Waste",115103,"Textiles",11,437.00000000000006,2023
"Wool & animal hair",1151,"Prepared Wool or Animal Hair",115105,"Textiles",11,1291,2023
"Wool & animal hair",1151,"Non-Retail Carded Wool Yarn",115106,"Textiles",11,742,2023
"Wool & animal hair",1151,"Non-Retail Combed Wool Yarn",115107,"Textiles",11,308,2023
"Wool & animal hair",1151,"Non-Retail Animal Hair Yarn",115108,"Textiles",11,680.9999999999999,2023
"Wool & animal hair",1151,"Retail Wool or Animal Hair Yarn",115109,"Textiles",11,3409,2023
"Wool & animal hair",1151,"Carded Wool or Animal Hair Fabric",115111,"Textiles",11,1557.0000000000002,2023
"Wool & animal hair",1151,"Combed Wool or Animal Hair Fabric",115112,"Textiles",11,678,2023
"Wool & animal hair",1151,"Horsehair Fabric",115113,"Textiles",11,495,2023
"Cotton",1152,"Raw Cotton",115201,"Textiles",11,381060,2023
"Cotton",1152,"Cotton Waste",115202,"Textiles",11,22733416,2023
"Cotton",1152,"Prepared Cotton",115203,"Textiles",11,66001,2023
"Cotton",1152,"Cotton Sewing Thread",115204,"Textiles",11,7595,2023
"Cotton",1152,"Non-Retail Pure Cotton Yarn",115205,"Textiles",11,68559155,2023
"Cotton",1152,"Non-Retail Mixed Cotton Yarn",115206,"Textiles",11,653,2023
"Cotton",1152,"Retail Cotton Yarn",115207,"Textiles",11,7529.000000000001,2023
"Cotton",1152,"Light Pure Woven Cotton",115208,"Textiles",11,12517731,2023
"Cotton",1152,"Heavy Pure Woven Cotton",115209,"Textiles",11,12081365,2023
"Cotton",1152,"Light Mixed Woven Cotton",115210,"Textiles",11,999443,2023
"Cotton",1152,"Heavy Mixed Woven Cotton",115211,"Textiles",11,2472488,2023
"Cotton",1152,"Other Cotton Fabrics",115212,"Textiles",11,661335,2023
"Vegetable textile fibers, paper yarn & fabrics",1153,"Hemp Fibers",115302,"Textiles",11,141,2023
"Vegetable textile fibers, paper yarn & fabrics",1153,"Jute and Other Textile Fibers",115303,"Textiles",11,161795868,2023
"Vegetable textile fibers, paper yarn & fabrics",1153,"Coconut and Other Vegetable Fibers",115305,"Textiles",11,86467,2023
"Vegetable textile fibers, paper yarn & fabrics",1153,"Flax Yarn",115306,"Textiles",11,435871,2023
"Vegetable textile fibers, paper yarn & fabrics",1153,"Jute Yarn",115307,"Textiles",11,412077169,2023
"Vegetable textile fibers, paper yarn & fabrics",1153,"Other Vegetable Fibers Yarn",115308,"Textiles",11,37844,2023
"Vegetable textile fibers, paper yarn & fabrics",1153,"Flax Woven Fabric",115309,"Textiles",11,1192169,2023
"Vegetable textile fibers, paper yarn & fabrics",1153,"Jute Woven Fabric",115310,"Textiles",11,92215424,2023
"Vegetable textile fibers, paper yarn & fabrics",1153,"Other Vegetable Fibers Fabric",115311,"Textiles",11,24374,2023
"Man-made filaments",1154,"Artificial Filament Sewing Thread",115401,"Textiles",11,382091,2023
"Man-made filaments",1154,"Non-Retail Synthetic Filament Yarn",115402,"Textiles",11,149560,2023
"Man-made filaments",1154,"Non-Retail Artificial Filament Yarn",115403,"Textiles",11,84,2023
"Man-made filaments",1154,"Synthetic Monofilament",115404,"Textiles",11,18422,2023
"Man-made filaments",1154,"Retail Artificial Filament Yarn",115406,"Textiles",11,1566,2023
"Man-made filaments",1154,"Synthetic Filament Yarn Woven Fabric",115407,"Textiles",11,787041,2023
"Man-made filaments",1154,"Artificial Filament Yarn Woven Fabric",115408,"Textiles",11,256842,2023
"Man-made staple fibres",1155,"Synthetic Filament Tow",115501,"Textiles",11,75036,2023
"Man-made staple fibres",1155,"Artificial Filament Tow",115502,"Textiles",11,1452,2023
"Man-made staple fibres",1155,"Unprocessed Synthetic Staple Fibers",115503,"Textiles",11,1660789,2023
"Man-made staple fibres",1155,"Unprocessed Artificial Staple Fibers",115504,"Textiles",11,511,2023
"Man-made staple fibres",1155,"Artificial Fibers Waste",115505,"Textiles",11,754843,2023
"Man-made staple fibres",1155,"Processed Synthetic Staple Fibers",115506,"Textiles",11,298317.00000000006,2023
"Man-made staple fibres",1155,"Processed Artificial Staple Fibers",115507,"Textiles",11,143,2023
"Man-made staple fibres",1155,"Non-Retail Artificial Staple Fibers Sewing Thread",115508,"Textiles",11,1633590,2023
"Man-made staple fibres",1155,"Non-Retail Synthetic Staple Fibers Yarn",115509,"Textiles",11,1353496,2023
"Man-made staple fibres",1155,"Non-Retail Artificial Staple Fibers Yarn",115510,"Textiles",11,22102,2023
"Man-made staple fibres",1155,"Retail Artificial Staple Fibers Yarn",115511,"Textiles",11,740,2023
"Man-made staple fibres",1155,"Synthetic Fabrics",115512,"Textiles",11,115913,2023
"Man-made staple fibres",1155,"Light Synthetic Cotton Fabrics",115513,"Textiles",11,453385,2023
"Man-made staple fibres",1155,"Heavy Synthetic Cotton Fabrics",115514,"Textiles",11,194014,2023
"Man-made staple fibres",1155,"Other Synthetic Fabrics",115515,"Textiles",11,638906,2023
"Man-made staple fibres",1155,"Woven Fabric of Synthetic Staple Fibers",115516,"Textiles",11,722955,2023
"Wadding, felt, nonwovens, twin, ropes, & articles thereof",1156,"Wadding",115601,"Textiles",11,152732,2023
"Wadding, felt, nonwovens, twin, ropes, & articles thereof",1156,"Felt",115602,"Textiles",11,1014308,2023
"Wadding, felt, nonwovens, twin, ropes, & articles thereof",1156,"Non-woven Textiles",115603,"Textiles",11,1153307,2023
"Wadding, felt, nonwovens, twin, ropes, & articles thereof",1156,"Rubber Textiles",115604,"Textiles",11,12982,2023
"Wadding, felt, nonwovens, twin, ropes, & articles thereof",1156,"Metallic Yarn",115605,"Textiles",11,9.000000000000002,2023
"Wadding, felt, nonwovens, twin, ropes, & articles thereof",1156,"Gimp Yarn",115606,"Textiles",11,98,2023
"Wadding, felt, nonwovens, twin, ropes, & articles thereof",1156,"Twine and Rope",115607,"Textiles",11,25784369,2023
"Wadding, felt, nonwovens, twin, ropes, & articles thereof",1156,"Twine, cordage or rope; knotted netting, made up fishing nets and other made up nets, of textile materials",115608,"Textiles",11,12601882,2023
"Wadding, felt, nonwovens, twin, ropes, & articles thereof",1156,"Other Articles of Twine and Rope",115609,"Textiles",11,7023855,2023
"Carpets & textile floor covers",1157,"Knotted Carpets",115701,"Textiles",11,328468,2023
"Carpets & textile floor covers",1157,"Hand-Woven Rugs",115702,"Textiles",11,30467379,2023
"Carpets & textile floor covers",1157,"Tufted Carpets",115703,"Textiles",11,439518,2023
"Carpets & textile floor covers",1157,"Felt Carpets",115704,"Textiles",11,196267,2023
"Carpets & textile floor covers",1157,"Other Carpets",115705,"Textiles",11,3493805,2023
"Special woven fabrics and tapestries",1158,"Woven Fabrics",115801,"Textiles",11,40443,2023
"Special woven fabrics and tapestries",1158,"Terry Fabric",115802,"Textiles",11,1120268,2023
"Special woven fabrics and tapestries",1158,"Gauze",115803,"Textiles",11,23,2023
"Special woven fabrics and tapestries",1158,"Tulles and Net Fabric",115804,"Textiles",11,137394,2023
"Special woven fabrics and tapestries",1158,"Hand-Woven Tapestries",115805,"Textiles",11,3395,2023
"Special woven fabrics and tapestries",1158,"Narrow Woven Fabric",115806,"Textiles",11,1409416,2023
"Special woven fabrics and tapestries",1158,"Labels",115807,"Textiles",11,1315830,2023
"Special woven fabrics and tapestries",1158,"Ornamental Trimmings",115808,"Textiles",11,125652,2023
"Special woven fabrics and tapestries",1158,"Metallic Fabric",115809,"Textiles",11,671,2023
"Special woven fabrics and tapestries",1158,"Embroidery",115810,"Textiles",11,82436,2023
"Special woven fabrics and tapestries",1158,"Quilted Textiles",115811,"Textiles",11,325888.00000000006,2023
"Coated, covered, & laminated fabrics for industrial use",1159,"Gum Coated Textile Fabric",115901,"Textiles",11,2434401,2023
"Coated, covered, & laminated fabrics for industrial use",1159,"Polyamide Fabric",115902,"Textiles",11,1961,2023
"Coated, covered, & laminated fabrics for industrial use",1159,"Plastic Coated Textile Fabric",115903,"Textiles",11,454349,2023
"Coated, covered, & laminated fabrics for industrial use",1159,"Rubber Textile Fabric",115906,"Textiles",11,59252,2023
"Coated, covered, & laminated fabrics for industrial use",1159,"Coated Textile Fabric",115907,"Textiles",11,61759,2023
"Coated, covered, & laminated fabrics for industrial use",1159,"Hose Piping Textiles",115909,"Textiles",11,419.99999999999994,2023
"Coated, covered, & laminated fabrics for industrial use",1159,"Conveyor Belt Textiles",115910,"Textiles",11,619,2023
"Coated, covered, & laminated fabrics for industrial use",1159,"Textiles for technical uses",115911,"Textiles",11,205605,2023
"Knitted fabrics",1160,"Pile Fabric",116001,"Textiles",11,1135448,2023
"Knitted fabrics",1160,"Light Rubberized Knitted Fabric",116002,"Textiles",11,44141,2023
"Knitted fabrics",1160,"Knitted or crocheted fabrics of a width not exceeding 30 cm",116003,"Textiles",11,813871,2023
"Knitted fabrics",1160,"Knitted or crocheted fabrics of a width exceeding 30 cm",116004,"Textiles",11,404905,2023
"Knitted fabrics",1160,"Warp knit fabrics (including those made on galloon knitting machines)",116005,"Textiles",11,8567,2023
"Knitted fabrics",1160,"Other knitted or crocheted fabrics.",116006,"Textiles",11,37758234,2023
"Knitted clothing accesories",1161,"Knit Men's Coats",116101,"Textiles",11,266848891,2023
"Knitted clothing accesories",1161,"Knit Women's Coats",116102,"Textiles",11,331776542,2023
"Knitted clothing accesories",1161,"Knit Men's Suits",116103,"Textiles",11,1094895766,2023
"Knitted clothing accesories",1161,"Knit Women's Suits",116104,"Textiles",11,3089575579,2023
"Knitted clothing accesories",1161,"Knit Men's Shirts",116105,"Textiles",11,1350785649,2023
"Knitted clothing accesories",1161,"Knit Women's Shirts",116106,"Textiles",11,412530541,2023
"Knitted clothing accesories",1161,"Knit Men's Undergarments",116107,"Textiles",11,1077898506,2023
"Knitted clothing accesories",1161,"Knit Women's Undergarments",116108,"Textiles",11,1357408433,2023
"Knitted clothing accesories",1161,"Knit T-shirts",116109,"Textiles",11,7828137769,2023
"Knitted clothing accesories",1161,"Knit Sweaters",116110,"Textiles",11,6680706346,2023
"Knitted clothing accesories",1161,"Knit Babies' Garments",116111,"Textiles",11,1038348590,2023
"Knitted clothing accesories",1161,"Knit Active Wear",116112,"Textiles",11,177355486,2023
"Knitted clothing accesories",1161,"Garments of Impregnated Fabric",116113,"Textiles",11,42866995,2023
"Knitted clothing accesories",1161,"Other Knit Garments",116114,"Textiles",11,620585909,2023
"Knitted clothing accesories",1161,"Knit Socks and Hosiery",116115,"Textiles",11,41020296,2023
"Knitted clothing accesories",1161,"Knit Gloves",116116,"Textiles",11,37954950,2023
"Knitted clothing accesories",1161,"Other Knit Clothing Accessories",116117,"Textiles",11,16341577,2023
"Non-knitted clothing accesories",1162,"Non-Knit Men's Coats",116201,"Textiles",11,1220044390,2023
"Non-knitted clothing accesories",1162,"Non-Knit Women's Coats",116202,"Textiles",11,965105087,2023
"Non-knitted clothing accesories",1162,"Non-Knit Men's Suits",116203,"Textiles",11,7675738302,2023
"Non-knitted clothing accesories",1162,"Non-Knit Women's Suits",116204,"Textiles",11,5637075016,2023
"Non-knitted clothing accesories",1162,"Non-Knit Men's Shirts",116205,"Textiles",11,2543086178,2023
"Non-knitted clothing accesories",1162,"Non-Knit Women's Shirts",116206,"Textiles",11,827438346,2023
"Non-knitted clothing accesories",1162,"Non-Knit Men's Undergarments",116207,"Textiles",11,115981240,2023
"Non-knitted clothing accesories",1162,"Non-Knit Women's Undergarments",116208,"Textiles",11,118782614,2023
"Non-knitted clothing accesories",1162,"Non-Knit Babies' Garments",116209,"Textiles",11,360478928,2023
"Non-knitted clothing accesories",1162,"Felt or Coated Fabric Garments",116210,"Textiles",11,668423114,2023
"Non-knitted clothing accesories",1162,"Non-Knit Active Wear",116211,"Textiles",11,587643661,2023
"Non-knitted clothing accesories",1162,"Other Women's Undergarments",116212,"Textiles",11,631935168,2023
"Non-knitted clothing accesories",1162,"Handkerchiefs",116213,"Textiles",11,406298,2023
"Non-knitted clothing accesories",1162,"Scarves",116214,"Textiles",11,14397130,2023
"Non-knitted clothing accesories",1162,"Neck Ties",116215,"Textiles",11,1901061,2023
"Non-knitted clothing accesories",1162,"Non-Knit Gloves",116216,"Textiles",11,10877924,2023
"Non-knitted clothing accesories",1162,"Other Non-Knit Clothing Accessories",116217,"Textiles",11,11019837,2023
"Used clothes & textile articles",1163,"Blankets",116301,"Textiles",11,6356872,2023
"Used clothes & textile articles",1163,"House Linens",116302,"Textiles",11,518703182,2023
"Used clothes & textile articles",1163,"Window Dressings",116303,"Textiles",11,15249403,2023
"Used clothes & textile articles",1163,"Bedspreads",116304,"Textiles",11,21184217,2023
"Used clothes & textile articles",1163,"Packing Bags",116305,"Textiles",11,117170330,2023
"Used clothes & textile articles",1163,"Awnings, Tents, and Sails",116306,"Textiles",11,286008526,2023
"Used clothes & textile articles",1163,"Other Cloth Articles",116307,"Textiles",11,61158177,2023
"Used clothes & textile articles",1163,"Packaged Sewing Sets",116308,"Textiles",11,4329,2023
"Used clothes & textile articles",1163,"Used Clothing",116309,"Textiles",11,1630239,2023
"Used clothes & textile articles",1163,"Textile Scraps",116310,"Textiles",11,133150663,2023
"Footwear",1264,"Waterproof Footwear",126401,"Footwear and Headwear",12,480333,2023
"Footwear",1264,"Rubber Footwear",126402,"Footwear and Headwear",12,199085524,2023
"Footwear",1264,"Leather Footwear",126403,"Footwear and Headwear",12,772166315,2023
"Footwear",1264,"Textile Footwear",126404,"Footwear and Headwear",12,335280671,2023
"Footwear",1264,"Other Footwear",126405,"Footwear and Headwear",12,8187669,2023
"Footwear",1264,"Footwear Parts",126406,"Footwear and Headwear",12,9920102,2023
"Headgear",1265,"Hat Forms",126501,"Footwear and Headwear",12,21585,2023
"Headgear",1265,"Hat Shapes",126502,"Footwear and Headwear",12,13561,2023
"Headgear",1265,"Hats",126504,"Footwear and Headwear",12,4878620,2023
"Headgear",1265,"Knitted Hats",126505,"Footwear and Headwear",12,629354137,2023
"Headgear",1265,"Other Headwear",126506,"Footwear and Headwear",12,7297386,2023
"Headgear",1265,"Headbands and Linings",126507,"Footwear and Headwear",12,132925,2023
"Umbrellas, walking sticks, & whips",1266,"Umbrellas",126601,"Footwear and Headwear",12,1680591,2023
"Umbrellas, walking sticks, & whips",1266,"Walking Sticks",126602,"Footwear and Headwear",12,5895,2023
"Umbrellas, walking sticks, & whips",1266,"Umbrella and Walking Stick Accessories",126603,"Footwear and Headwear",12,3112,2023
"Feather articles, feathers, artificial flowers, & articles of human hair",1267,"Bird Skins and Feathers",126701,"Footwear and Headwear",12,123478,2023
"Feather articles, feathers, artificial flowers, & articles of human hair",1267,"Artificial Vegetation",126702,"Footwear and Headwear",12,210412,2023
"Feather articles, feathers, artificial flowers, & articles of human hair",1267,"Processed Hair",126703,"Footwear and Headwear",12,67710312,2023
"Feather articles, feathers, artificial flowers, & articles of human hair",1267,"Fake Hair",126704,"Footwear and Headwear",12,156258618,2023
"Stone, plaster, cement, asbestos, mica.",1368,"Curbstones",136801,"Stone And Glass",13,23695.000000000004,2023
"Stone, plaster, cement, asbestos, mica.",1368,"Building Stone",136802,"Stone And Glass",13,403424.99999999994,2023
"Stone, plaster, cement, asbestos, mica.",1368,"Worked Slate",136803,"Stone And Glass",13,74.00000000000001,2023
"Stone, plaster, cement, asbestos, mica.",1368,"Milling Stones",136804,"Stone And Glass",13,19923,2023
"Stone, plaster, cement, asbestos, mica.",1368,"Abrasive Powder",136805,"Stone And Glass",13,503552.99999999994,2023
"Stone, plaster, cement, asbestos, mica.",1368,"Rock Wool",136806,"Stone And Glass",13,6456,2023
"Stone, plaster, cement, asbestos, mica.",1368,"Asphalt",136807,"Stone And Glass",13,7167,2023
"Stone, plaster, cement, asbestos, mica.",1368,"Vegetable Fiber",136808,"Stone And Glass",13,144.00000000000003,2023
"Stone, plaster, cement, asbestos, mica.",1368,"Plaster Articles",136809,"Stone And Glass",13,15677,2023
"Stone, plaster, cement, asbestos, mica.",1368,"Cement Articles",136810,"Stone And Glass",13,1820038,2023
"Stone, plaster, cement, asbestos, mica.",1368,"Asbestos Cement Articles",136811,"Stone And Glass",13,20,2023
"Stone, plaster, cement, asbestos, mica.",1368,"Asbestos Fibres",136812,"Stone And Glass",13,90071,2023
"Stone, plaster, cement, asbestos, mica.",1368,"Friction Material",136813,"Stone And Glass",13,1256,2023
"Stone, plaster, cement, asbestos, mica.",1368,"Other Stone Articles",136815,"Stone And Glass",13,2526414.0000000005,2023
"Ceramic products",1369,"Bricks",136901,"Stone And Glass",13,1433586,2023
"Ceramic products",1369,"Refractory Bricks",136902,"Stone And Glass",13,171654,2023
"Ceramic products",1369,"Ceramic Bricks",136904,"Stone And Glass",13,100247,2023
"Ceramic products",1369,"Roofing Tiles",136905,"Stone And Glass",13,15286,2023
"Ceramic products",1369,"Unglazed Ceramics",136907,"Stone And Glass",13,55496,2023
"Ceramic products",1369,"Laboratory Ceramic Ware",136909,"Stone And Glass",13,8301,2023
"Ceramic products",1369,"Bathroom Ceramics",136910,"Stone And Glass",13,550147,2023
"Ceramic products",1369,"Porcelain Tableware",136911,"Stone And Glass",13,46204107,2023
"Ceramic products",1369,"Ceramic Tableware",136912,"Stone And Glass",13,909659,2023
"Ceramic products",1369,"Ornamental Ceramics",136913,"Stone And Glass",13,496426,2023
"Ceramic products",1369,"Other Ceramic Articles",136914,"Stone And Glass",13,157328,2023
"Glass & glassware",1370,"Float Glass",137005,"Stone And Glass",13,8464610,2023
"Glass & glassware",1370,"Glass with Edge Workings",137006,"Stone And Glass",13,136.99999999999997,2023
"Glass & glassware",1370,"Safety Glass",137007,"Stone And Glass",13,21652,2023
"Glass & glassware",1370,"Glass Mirrors",137009,"Stone And Glass",13,3716953.0000000005,2023
"Glass & glassware",1370,"Glass Bottles",137010,"Stone And Glass",13,124041.99999999999,2023
"Glass & glassware",1370,"Glass Bulbs",137011,"Stone And Glass",13,8415,2023
"Glass & glassware",1370,"Interior Decorative Glassware",137013,"Stone And Glass",13,269867,2023
"Glass & glassware",1370,"Signaling Glassware",137014,"Stone And Glass",13,46737,2023
"Glass & glassware",1370,"Eyewear and Clock Glass",137015,"Stone And Glass",13,89,2023
"Glass & glassware",1370,"Laboratory Glassware",137017,"Stone And Glass",13,503,2023
"Glass & glassware",1370,"Glass Beads",137018,"Stone And Glass",13,17333,2023
"Glass & glassware",1370,"Glass Fibers",137019,"Stone And Glass",13,30714,2023
"Glass & glassware",1370,"Other Glass Articles",137020,"Stone And Glass",13,177839,2023
"Precious stones, metals, & pearls",1471,"Precious Stones",147103,"Precious Metals",14,36343,2023
"Precious stones, metals, & pearls",1471,"Silver Clad Metals",147107,"Precious Metals",14,7433,2023
"Precious stones, metals, & pearls",1471,"Gold",147108,"Precious Metals",14,205998.99999999997,2023
"Precious stones, metals, & pearls",1471,"Gold Clad Metals",147109,"Precious Metals",14,618,2023
"Precious stones, metals, & pearls",1471,"Precious Metal Scraps",147112,"Precious Metals",14,375837,2023
"Precious stones, metals, & pearls",1471,"Jewellery",147113,"Precious Metals",14,1515217,2023
"Precious stones, metals, & pearls",1471,"Metal-Clad Products",147114,"Precious Metals",14,83705,2023
"Precious stones, metals, & pearls",1471,"Other Precious Metal Products",147115,"Precious Metals",14,3043,2023
"Precious stones, metals, & pearls",1471,"Pearl Products",147116,"Precious Metals",14,772512.9999999999,2023
"Precious stones, metals, & pearls",1471,"Imitation Jewellery",147117,"Precious Metals",14,2323454,2023
"Precious stones, metals, & pearls",1471,"Coin",147118,"Precious Metals",14,398.00000000000006,2023
"Iron & steel",1572,"Ferroalloys",157202,"Metals",15,562,2023
"Iron & steel",1572,"Scrap Iron",157204,"Metals",15,36866514,2023
"Iron & steel",1572,"Iron Powder",157205,"Metals",15,5718951,2023
"Iron & steel",1572,"Semi-Finished Iron",157207,"Metals",15,278,2023
"Iron & steel",1572,"Hot-Rolled Iron",157208,"Metals",15,633,2023
"Iron & steel",1572,"Coated Flat-Rolled Iron",157210,"Metals",15,2234146,2023
"Iron & steel",1572,"Large Flat-Rolled Iron",157211,"Metals",15,524,2023
"Iron & steel",1572,"Raw Iron Bars",157214,"Metals",15,1377600,2023
"Iron & steel",1572,"Other Iron Bars",157215,"Metals",15,2654,2023
"Iron & steel",1572,"Iron Wire",157217,"Metals",15,336,2023
"Iron & steel",1572,"Stainless Steel Ingots",157218,"Metals",15,1,2023
"Iron & steel",1572,"Other Stainless Steel Bars",157222,"Metals",15,882,2023
"Iron & steel",1572,"Stainless Steel Wire",157223,"Metals",15,79,2023
"Iron & steel",1572,"Other Steel Bars",157228,"Metals",15,44037,2023
"Iron/Steel Articles",1573,"Iron Railway Products",157302,"Metals",15,10113.000000000002,2023
"Iron/Steel Articles",1573,"Cast Iron Pipes",157303,"Metals",15,253285.99999999997,2023
"Iron/Steel Articles",1573,"Iron Pipes",157304,"Metals",15,12341,2023
"Iron/Steel Articles",1573,"Other Small Iron Pipes",157306,"Metals",15,27487.000000000004,2023
"Iron/Steel Articles",1573,"Iron Pipe Fittings",157307,"Metals",15,934901.0000000001,2023
"Iron/Steel Articles",1573,"Iron Structures",157308,"Metals",15,221182.00000000003,2023
"Iron/Steel Articles",1573,"Large Iron Containers",157309,"Metals",15,6751,2023
"Iron/Steel Articles",1573,"Small Iron Containers",157310,"Metals",15,5494,2023
"Iron/Steel Articles",1573,"Iron Gas Containers",157311,"Metals",15,191248,2023
"Iron/Steel Articles",1573,"Stranded Iron Wire",157312,"Metals",15,31449,2023
"Iron/Steel Articles",1573,"Iron Cloth",157314,"Metals",15,33093,2023
"Iron/Steel Articles",1573,"Iron Chains",157315,"Metals",15,186845,2023
"Iron/Steel Articles",1573,"Iron Anchors",157316,"Metals",15,1737,2023
"Iron/Steel Articles",1573,"Iron Nails",157317,"Metals",15,44234,2023
"Iron/Steel Articles",1573,"Iron Fasteners",157318,"Metals",15,53553,2023
"Iron/Steel Articles",1573,"Iron Sewing Needles",157319,"Metals",15,8399,2023
"Iron/Steel Articles",1573,"Iron Springs",157320,"Metals",15,21067,2023
"Iron/Steel Articles",1573,"Iron Stovetops",157321,"Metals",15,45027.00000000001,2023
"Iron/Steel Articles",1573,"Iron Radiators",157322,"Metals",15,14850,2023
"Iron/Steel Articles",1573,"Iron Housewares",157323,"Metals",15,1327966,2023
"Iron/Steel Articles",1573,"Iron Toiletry",157324,"Metals",15,52448,2023
"Iron/Steel Articles",1573,"Other Cast Iron Products",157325,"Metals",15,66702,2023
"Iron/Steel Articles",1573,"Other Iron Products",157326,"Metals",15,5094966,2023
"Copper articles",1574,"Refined Copper",157403,"Metals",15,495092,2023
"Copper articles",1574,"Scrap Copper",157404,"Metals",15,52483230,2023
"Copper articles",1574,"Copper Powder",157406,"Metals",15,490501,2023
"Copper articles",1574,"Copper Bars",157407,"Metals",15,21717,2023
"Copper articles",1574,"Copper Wire",157408,"Metals",15,11,2023
"Copper articles",1574,"Copper Foil",157410,"Metals",15,147722,2023
"Copper articles",1574,"Copper Pipes",157411,"Metals",15,11380,2023
"Copper articles",1574,"Copper Pipe Fittings",157412,"Metals",15,1107485,2023
"Copper articles",1574,"Stranded Copper Wire",157413,"Metals",15,362.00000000000006,2023
"Copper articles",1574,"Copper Fasteners",157415,"Metals",15,34,2023
"Copper articles",1574,"Copper Housewares",157418,"Metals",15,41472,2023
"Copper articles",1574,"Other Copper Products",157419,"Metals",15,387610.00000000006,2023
"Nickel articles",1575,"Scrap Nickel",157503,"Metals",15,762060,2023
"Nickel articles",1575,"Nickel Bars",157505,"Metals",15,2111,2023
"Nickel articles",1575,"Nickel Pipes",157507,"Metals",15,62,2023
"Nickel articles",1575,"Other Nickel Products",157508,"Metals",15,721,2023
"Aluminum articles",1576,"Raw Aluminium",157601,"Metals",15,16461877.999999998,2023
"Aluminum articles",1576,"Scrap Aluminium",157602,"Metals",15,25585851,2023
"Aluminum articles",1576,"Aluminium Bars",157604,"Metals",15,36568,2023
"Aluminum articles",1576,"Aluminium Plating",157606,"Metals",15,2838,2023
"Aluminum articles",1576,"Aluminium Foil",157607,"Metals",15,77688,2023
"Aluminum articles",1576,"Aluminium Pipes",157608,"Metals",15,855,2023
"Aluminum articles",1576,"Aluminium Pipe Fittings",157609,"Metals",15,238115,2023
"Aluminum articles",1576,"Aluminium Structures",157610,"Metals",15,69756,2023
"Aluminum articles",1576,"Aluminium Cans",157612,"Metals",15,1352,2023
"Aluminum articles",1576,"Aluminium Gas Containers",157613,"Metals",15,377.99999999999994,2023
"Aluminum articles",1576,"Stranded Aluminium Wire",157614,"Metals",15,544,2023
"Aluminum articles",1576,"Aluminium Housewares",157615,"Metals",15,565753,2023
"Aluminum articles",1576,"Other Aluminium Products",157616,"Metals",15,237926,2023
"Lead articles",1578,"Other Lead Products",157806,"Metals",15,2857,2023
"Zinc articles",1579,"Raw Zinc",157901,"Metals",15,149502,2023
"Zinc articles",1579,"Scrap Waste",157902,"Metals",15,148649,2023
"Zinc articles",1579,"Zinc Powder",157903,"Metals",15,4928463,2023
"Zinc articles",1579,"Zinc Bars",157904,"Metals",15,1465102,2023
"Zinc articles",1579,"Other Zinc Products",157907,"Metals",15,254005,2023
"Tin articles",1580,"Other Tin Products",158007,"Metals",15,15593,2023
"Cermet articles",1581,"Cobalt",158105,"Metals",15,2898,2023
"Cermet articles",1581,"Titanium",158108,"Metals",15,131648,2023
"Cermet articles",1581,"Zirconium",158109,"Metals",15,1144,2023
"Cermet articles",1581,"Antimony",158110,"Metals",15,123,2023
"Tools & cutlery",1582,"Garden Tools",158201,"Metals",15,24741,2023
"Tools & cutlery",1582,"Hand Saws",158202,"Metals",15,12559,2023
"Tools & cutlery",1582,"Hand Tools",158203,"Metals",15,41648,2023
"Tools & cutlery",1582,"Wrenches",158204,"Metals",15,30686,2023
"Tools & cutlery",1582,"Other Hand Tools",158205,"Metals",15,1082664,2023
"Tools & cutlery",1582,"Tool Sets",158206,"Metals",15,38875,2023
"Tools & cutlery",1582,"Interchangeable Tool Parts",158207,"Metals",15,117138,2023
"Tools & cutlery",1582,"Cutting Blades",158208,"Metals",15,6712,2023
"Tools & cutlery",1582,"Tool Plates",158209,"Metals",15,505,2023
"Tools & cutlery",1582,"Cooking Hand Tools",158210,"Metals",15,618211,2023
"Tools & cutlery",1582,"Knives",158211,"Metals",15,42106,2023
"Tools & cutlery",1582,"Razor Blades",158212,"Metals",15,497652.00000000006,2023
"Tools & cutlery",1582,"Scissors",158213,"Metals",15,16541,2023
"Tools & cutlery",1582,"Other Cutlery",158214,"Metals",15,36771,2023
"Tools & cutlery",1582,"Cutlery Sets",158215,"Metals",15,653358,2023
"Miscellaneous metal products",1583,"Padlocks",158301,"Metals",15,95765,2023
"Miscellaneous metal products",1583,"Metal Mountings",158302,"Metals",15,179503,2023
"Miscellaneous metal products",1583,"Safes",158303,"Metals",15,3315,2023
"Miscellaneous metal products",1583,"Filing Cabinets",158304,"Metals",15,25522.999999999996,2023
"Miscellaneous metal products",1583,"Metal Office Supplies",158305,"Metals",15,8942,2023
"Miscellaneous metal products",1583,"Bells and Other Metal Ornaments",158306,"Metals",15,843576,2023
"Miscellaneous metal products",1583,"Flexible Metal Tubing",158307,"Metals",15,915,2023
"Miscellaneous metal products",1583,"Other Metal Fasteners",158308,"Metals",15,460148,2023
"Miscellaneous metal products",1583,"Metal Stoppers",158309,"Metals",15,1663,2023
"Miscellaneous metal products",1583,"Metal Signs",158310,"Metals",15,4646,2023
"Miscellaneous metal products",1583,"Coated Metal Soldering Products",158311,"Metals",15,477,2023
"Machinery, mechanical appliances, & parts",1684,"Steam Boilers",168402,"Machines",16,217535,2023
"Machinery, mechanical appliances, & parts",1684,"Central Heating Boilers",168403,"Machines",16,233,2023
"Machinery, mechanical appliances, & parts",1684,"Boiler Plants",168404,"Machines",16,213754,2023
"Machinery, mechanical appliances, & parts",1684,"Water and Gas Generators",168405,"Machines",16,696677,2023
"Machinery, mechanical appliances, & parts",1684,"Steam Turbines",168406,"Machines",16,107870,2023
"Machinery, mechanical appliances, & parts",1684,"Spark-Ignition Engines",168407,"Machines",16,1610624.0000000002,2023
"Machinery, mechanical appliances, & parts",1684,"Combustion Engines",168408,"Machines",16,301738,2023
"Machinery, mechanical appliances, & parts",1684,"Engine Parts",168409,"Machines",16,1293224,2023
"Machinery, mechanical appliances, & parts",1684,"Gas Turbines",168411,"Machines",16,1858591,2023
"Machinery, mechanical appliances, & parts",1684,"Other Engines",168412,"Machines",16,354817,2023
"Machinery, mechanical appliances, & parts",1684,"Liquid Pumps",168413,"Machines",16,1039324,2023
"Machinery, mechanical appliances, & parts",1684,"Air Pumps",168414,"Machines",16,3025537,2023
"Machinery, mechanical appliances, & parts",1684,"Air Conditioners",168415,"Machines",16,405552,2023
"Machinery, mechanical appliances, & parts",1684,"Liquid Fuel Furnaces",168416,"Machines",16,1937.9999999999998,2023
"Machinery, mechanical appliances, & parts",1684,"Industrial Furnaces",168417,"Machines",16,14189,2023
"Machinery, mechanical appliances, & parts",1684,"Refrigerators",168418,"Machines",16,6169693.999999999,2023
"Machinery, mechanical appliances, & parts",1684,"Other Heating Machinery",168419,"Machines",16,616610,2023
"Machinery, mechanical appliances, & parts",1684,"Rolling Machines",168420,"Machines",16,1611,2023
"Machinery, mechanical appliances, & parts",1684,"Centrifuges",168421,"Machines",16,359731,2023
"Machinery, mechanical appliances, & parts",1684,"Washing and Bottling Machines",168422,"Machines",16,379239,2023
"Machinery, mechanical appliances, & parts",1684,"Scales",168423,"Machines",16,765144,2023
"Machinery, mechanical appliances, & parts",1684,"Liquid Dispersing Machines",168424,"Machines",16,41606,2023
"Machinery, mechanical appliances, & parts",1684,"Pulley Systems",168425,"Machines",16,33977,2023
"Machinery, mechanical appliances, & parts",1684,"Cranes",168426,"Machines",16,10354.000000000002,2023
"Machinery, mechanical appliances, & parts",1684,"Fork-Lifts",168427,"Machines",16,5840,2023
"Machinery, mechanical appliances, & parts",1684,"Lifting Machinery",168428,"Machines",16,279364,2023
"Machinery, mechanical appliances, & parts",1684,"Large Construction Vehicles",168429,"Machines",16,61406.00000000001,2023
"Machinery, mechanical appliances, & parts",1684,"Other Construction Vehicles",168430,"Machines",16,76293,2023
"Machinery, mechanical appliances, & parts",1684,"Excavation Machinery",168431,"Machines",16,334515,2023
"Machinery, mechanical appliances, & parts",1684,"Soil Preparation Machinery",168432,"Machines",16,13379,2023
"Machinery, mechanical appliances, & parts",1684,"Harvesting Machinery",168433,"Machines",16,330161,2023
"Machinery, mechanical appliances, & parts",1684,"Fruit Pressing Machinery",168435,"Machines",16,6507.000000000001,2023
"Machinery, mechanical appliances, & parts",1684,"Other Agricultural Machinery",168436,"Machines",16,5691,2023
"Machinery, mechanical appliances, & parts",1684,"Mill Machinery",168437,"Machines",16,9283,2023
"Machinery, mechanical appliances, & parts",1684,"Industrial Food Preperation Machinery",168438,"Machines",16,15098,2023
"Machinery, mechanical appliances, & parts",1684,"Papermaking Machines",168439,"Machines",16,28188.000000000004,2023
"Machinery, mechanical appliances, & parts",1684,"Book-binding Machines",168440,"Machines",16,1,2023
"Machinery, mechanical appliances, & parts",1684,"Other Paper Machinery",168441,"Machines",16,300601,2023
"Machinery, mechanical appliances, & parts",1684,"Print Production Machinery",168442,"Machines",16,21653,2023
"Machinery, mechanical appliances, & parts",1684,"Industrial Printers",168443,"Machines",16,4374601,2023
"Machinery, mechanical appliances, & parts",1684,"Artificial Textile Machinery",168444,"Machines",16,29454,2023
"Machinery, mechanical appliances, & parts",1684,"Textile Fiber Machinery",168445,"Machines",16,1256523,2023
"Machinery, mechanical appliances, & parts",1684,"Looms",168446,"Machines",16,445450,2023
"Machinery, mechanical appliances, & parts",1684,"Knitting Machine Accessories",168448,"Machines",16,74269,2023
"Machinery, mechanical appliances, & parts",1684,"Felt Machinery",168449,"Machines",16,1470,2023
"Machinery, mechanical appliances, & parts",1684,"Household Washing Machines",168450,"Machines",16,23547,2023
"Machinery, mechanical appliances, & parts",1684,"Textile Processing Machines",168451,"Machines",16,32192,2023
"Machinery, mechanical appliances, & parts",1684,"Sewing Machines",168452,"Machines",16,252754,2023
"Machinery, mechanical appliances, & parts",1684,"Leather Machinery",168453,"Machines",16,159,2023
"Machinery, mechanical appliances, & parts",1684,"Metal-Rolling Mills",168455,"Machines",16,1653,2023
"Machinery, mechanical appliances, & parts",1684,"Non-Mechanical Removal Machinery",168456,"Machines",16,1624,2023
"Machinery, mechanical appliances, & parts",1684,"Drilling Machines",168459,"Machines",16,677065,2023
"Machinery, mechanical appliances, & parts",1684,"Metal Finishing Machines",168460,"Machines",16,9613,2023
"Machinery, mechanical appliances, & parts",1684,"Metalworking Machines",168461,"Machines",16,3842,2023
"Machinery, mechanical appliances, & parts",1684,"Forging Machines",168462,"Machines",16,804613,2023
"Machinery, mechanical appliances, & parts",1684,"Stone Working Machines",168464,"Machines",16,13.999999999999998,2023
"Machinery, mechanical appliances, & parts",1684,"Woodworking machines",168465,"Machines",16,30032,2023
"Machinery, mechanical appliances, & parts",1684,"Metalworking Machine Parts",168466,"Machines",16,141100,2023
"Machinery, mechanical appliances, & parts",1684,"Motor-working Tools",168467,"Machines",16,180690,2023
"Machinery, mechanical appliances, & parts",1684,"Soldering and Welding Machinery",168468,"Machines",16,22792,2023
"Machinery, mechanical appliances, & parts",1684,"Calculators",168470,"Machines",16,4095,2023
"Machinery, mechanical appliances, & parts",1684,"Computers",168471,"Machines",16,7840220,2023
"Machinery, mechanical appliances, & parts",1684,"Other Office Machines",168472,"Machines",16,16142,2023
"Machinery, mechanical appliances, & parts",1684,"Office Machine Parts",168473,"Machines",16,1572966,2023
"Machinery, mechanical appliances, & parts",1684,"Stone Processing Machines",168474,"Machines",16,411782,2023
"Machinery, mechanical appliances, & parts",1684,"Glass Working Machines",168475,"Machines",16,4618,2023
"Machinery, mechanical appliances, & parts",1684,"Vending Machines",168476,"Machines",16,8020290,2023
"Machinery, mechanical appliances, & parts",1684,"Rubberworking Machinery",168477,"Machines",16,249640,2023
"Machinery, mechanical appliances, & parts",1684,"Tobacco Processing Machines",168478,"Machines",16,629876,2023
"Machinery, mechanical appliances, & parts",1684,"Machinery Having Individual Functions",168479,"Machines",16,785137,2023
"Machinery, mechanical appliances, & parts",1684,"Metal Molds",168480,"Machines",16,45924,2023
"Machinery, mechanical appliances, & parts",1684,"Valves",168481,"Machines",16,283085,2023
"Machinery, mechanical appliances, & parts",1684,"Ball Bearings",168482,"Machines",16,58220,2023
"Machinery, mechanical appliances, & parts",1684,"Transmissions",168483,"Machines",16,720339,2023
"Machinery, mechanical appliances, & parts",1684,"Gaskets",168484,"Machines",16,13703,2023
"Machinery, mechanical appliances, & parts",1684,"Machines and apparatus of a kind used solely or principally for the manufacture of semiconductor boules or wafers, semiconductor devices, electronic integrated circuits or flat panel displays",168486,"Machines",16,20780,2023
"Machinery, mechanical appliances, & parts",1684,"Machinery parts, not containing electrical connectors, insulators, coils, contacts or other electrical features, not specified or included elsewhere in this Chapter.",168487,"Machines",16,1599666,2023
"Electrical machinery and electronics",1685,"Electric Motors",168501,"Machines",16,944003,2023
"Electrical machinery and electronics",1685,"Electric Generating Sets",168502,"Machines",16,161425,2023
"Electrical machinery and electronics",1685,"Electric Motor Parts",168503,"Machines",16,9183,2023
"Electrical machinery and electronics",1685,"Electrical Transformers",168504,"Machines",16,12994930,2023
"Electrical machinery and electronics",1685,"Electromagnets",168505,"Machines",16,187284,2023
"Electrical machinery and electronics",1685,"Batteries",168506,"Machines",16,2824590.9999999995,2023
"Electrical machinery and electronics",1685,"Electric Batteries",168507,"Machines",16,22987487,2023
"Electrical machinery and electronics",1685,"Vacuum Cleaners",168508,"Machines",16,86194,2023
"Electrical machinery and electronics",1685,"Other Domestic Electric Housewares",168509,"Machines",16,251810,2023
"Electrical machinery and electronics",1685,"Hair Trimmers",168510,"Machines",16,48107,2023
"Electrical machinery and electronics",1685,"Electrical Ignitions",168511,"Machines",16,547267,2023
"Electrical machinery and electronics",1685,"Electrical Lighting and Signalling Equipment",168512,"Machines",16,15321,2023
"Electrical machinery and electronics",1685,"Portable Lighting",168513,"Machines",16,59898,2023
"Electrical machinery and electronics",1685,"Electric Furnaces",168514,"Machines",16,241,2023
"Electrical machinery and electronics",1685,"Electric Soldering Equipment",168515,"Machines",16,100243,2023
"Electrical machinery and electronics",1685,"Electric Heaters",168516,"Machines",16,5378999,2023
"Electrical machinery and electronics",1685,"Telephones",168517,"Machines",16,2417701,2023
"Electrical machinery and electronics",1685,"Microphones and Headphones",168518,"Machines",16,351255,2023
"Electrical machinery and electronics",1685,"Sound Recording Equipment",168519,"Machines",16,5279,2023
"Electrical machinery and electronics",1685,"Video Recording Equipment",168521,"Machines",16,3189.9999999999995,2023
"Electrical machinery and electronics",1685,"Audio and Video Recording Accessories",168522,"Machines",16,976,2023
"Electrical machinery and electronics",1685,"Blank Audio Media",168523,"Machines",16,3583543,2023
"Electrical machinery and electronics",1685,"Broadcasting Equipment",168525,"Machines",16,3333585,2023
"Electrical machinery and electronics",1685,"Navigation Equipment",168526,"Machines",16,214681,2023
"Electrical machinery and electronics",1685,"Radio Receivers",168527,"Machines",16,70781,2023
"Electrical machinery and electronics",1685,"Video Displays",168528,"Machines",16,622933,2023
"Electrical machinery and electronics",1685,"Broadcasting Accessories",168529,"Machines",16,1619528,2023
"Electrical machinery and electronics",1685,"Traffic Signals",168530,"Machines",16,9757,2023
"Electrical machinery and electronics",1685,"Audio Alarms",168531,"Machines",16,1674260.0000000002,2023
"Electrical machinery and electronics",1685,"Electrical Capacitors",168532,"Machines",16,9744,2023
"Electrical machinery and electronics",1685,"Electrical Resistors",168533,"Machines",16,4834,2023
"Electrical machinery and electronics",1685,"Printed Circuit Boards",168534,"Machines",16,57518,2023
"Electrical machinery and electronics",1685,"High-voltage Protection Equipment",168535,"Machines",16,52882.00000000001,2023
"Electrical machinery and electronics",1685,"Low-voltage Protection Equipment",168536,"Machines",16,746016,2023
"Electrical machinery and electronics",1685,"Electrical Control Boards",168537,"Machines",16,430121,2023
"Electrical machinery and electronics",1685,"Electrical Power Accessories",168538,"Machines",16,58674,2023
"Electrical machinery and electronics",1685,"Electric Filament",168539,"Machines",16,2242928,2023
"Electrical machinery and electronics",1685,"Cathode Tubes",168540,"Machines",16,68,2023
"Electrical machinery and electronics",1685,"Semiconductor Devices",168541,"Machines",16,2935586,2023
"Electrical machinery and electronics",1685,"Integrated Circuits",168542,"Machines",16,2254454,2023
"Electrical machinery and electronics",1685,"Other Electrical Machinery",168543,"Machines",16,1415316.9999999998,2023
"Electrical machinery and electronics",1685,"Insulated Wire",168544,"Machines",16,3226804,2023
"Electrical machinery and electronics",1685,"Carbon-based Electronics",168545,"Machines",16,891,2023
"Electrical machinery and electronics",1685,"Metal Insulating Fittings",168547,"Machines",16,1,2023
"Electrical machinery and electronics",1685,"Electrical Parts",168548,"Machines",16,1775,2023
"Railway and trams",1786,"Railway Maintenance Vehicles",178604,"Transportation",17,22760,2023
"Railway and trams",1786,"Locomotive Parts",178607,"Transportation",17,1543,2023
"Railway and trams",1786,"Railway Track Fixtures",178608,"Transportation",17,528419,2023
"Railway and trams",1786,"Railway Cargo Containers",178609,"Transportation",17,4081,2023
"Cars, tractors, trucks & parts thereof.",1787,"Tractors",178701,"Transportation",17,8064.999999999999,2023
"Cars, tractors, trucks & parts thereof.",1787,"Buses",178702,"Transportation",17,2073,2023
"Cars, tractors, trucks & parts thereof.",1787,"Cars",178703,"Transportation",17,230021,2023
"Cars, tractors, trucks & parts thereof.",1787,"Delivery Trucks",178704,"Transportation",17,8639,2023
"Cars, tractors, trucks & parts thereof.",1787,"Motor Vehicles; parts & accessories",178708,"Transportation",17,559720,2023
"Cars, tractors, trucks & parts thereof.",1787,"Motorcycles and cycles",178711,"Transportation",17,1287252,2023
"Cars, tractors, trucks & parts thereof.",1787,"Bicycles, delivery tricycles, other cycles",178712,"Transportation",17,107818360,2023
"Cars, tractors, trucks & parts thereof.",1787,"Wheelchairs",178713,"Transportation",17,15977,2023
"Cars, tractors, trucks & parts thereof.",1787,"Bi-Wheel Vehicle Parts",178714,"Transportation",17,2613680,2023
"Cars, tractors, trucks & parts thereof.",1787,"Baby Carriages",178715,"Transportation",17,209222,2023
"Cars, tractors, trucks & parts thereof.",1787,"Trailers and semi-trailers, not mechanically propelled vehicles",178716,"Transportation",17,148592,2023
"Aircraft and Spacecraft",1788,"Non-powered Aircraft",178801,"Transportation",17,124,2023
"Aircraft and Spacecraft",1788,"Planes, Helicopters, and/or Spacecraft",178802,"Transportation",17,171643585,2023
"Aircraft and Spacecraft",1788,"Aircraft parts (gliders, balloons, and powered aircraft)",178803,"Transportation",17,456068,2023
"Aircraft and Spacecraft",1788,"Parachutes",178804,"Transportation",17,5126,2023
"Aircraft and Spacecraft",1788,"Aircraft Launch Gear",178805,"Transportation",17,138806,2023
"Ships, boats, & floating structures",1789,"Recreational Boats",178903,"Transportation",17,183212,2023
"Ships, boats, & floating structures",1789,"Other Sea Vessels",178906,"Transportation",17,3012580,2023
"Ships, boats, & floating structures",1789,"Other Floating Structures",178907,"Transportation",17,74438,2023
"Optical, photo, & film equipment; medical instruments",1890,"Optical Fibers and optical fibre bundles",189001,"Instruments",18,4471958,2023
"Optical, photo, & film equipment; medical instruments",1890,"Mirrors and Lenses",189002,"Instruments",18,11325090,2023
"Optical, photo, & film equipment; medical instruments",1890,"Eyewear Frames",189003,"Instruments",18,36966938,2023
"Optical, photo, & film equipment; medical instruments",1890,"Eyewear",189004,"Instruments",18,4814614,2023
"Optical, photo, & film equipment; medical instruments",1890,"Binoculars and Telescopes",189005,"Instruments",18,19242,2023
"Optical, photo, & film equipment; medical instruments",1890,"Cameras",189006,"Instruments",18,3447,2023
"Optical, photo, & film equipment; medical instruments",1890,"Video Cameras",189007,"Instruments",18,456.00000000000006,2023
"Optical, photo, & film equipment; medical instruments",1890,"Image Projectors",189008,"Instruments",18,309,2023
"Optical, photo, & film equipment; medical instruments",1890,"Photo Lab Equipment",189010,"Instruments",18,113422.99999999999,2023
"Optical, photo, & film equipment; medical instruments",1890,"Microscopes",189011,"Instruments",18,8511,2023
"Optical, photo, & film equipment; medical instruments",1890,"Non-optical Microscopes",189012,"Instruments",18,10,2023
"Optical, photo, & film equipment; medical instruments",1890,"LCDs",189013,"Instruments",18,154340,2023
"Optical, photo, & film equipment; medical instruments",1890,"Compasses",189014,"Instruments",18,641821,2023
"Optical, photo, & film equipment; medical instruments",1890,"Surveying Equipment",189015,"Instruments",18,293518,2023
"Optical, photo, & film equipment; medical instruments",1890,"Balances",189016,"Instruments",18,420,2023
"Optical, photo, & film equipment; medical instruments",1890,"Drafting Tools",189017,"Instruments",18,80670,2023
"Optical, photo, & film equipment; medical instruments",1890,"Medical Instruments",189018,"Instruments",18,9841372,2023
"Optical, photo, & film equipment; medical instruments",1890,"Therapeutic Appliances",189019,"Instruments",18,374674,2023
"Optical, photo, & film equipment; medical instruments",1890,"Breathing Appliances",189020,"Instruments",18,19126,2023
"Optical, photo, & film equipment; medical instruments",1890,"Orthopedic Appliances",189021,"Instruments",18,10728467,2023
"Optical, photo, & film equipment; medical instruments",1890,"X-Ray Equipment",189022,"Instruments",18,101403,2023
"Optical, photo, & film equipment; medical instruments",1890,"Instructional Models",189023,"Instruments",18,7591343,2023
"Optical, photo, & film equipment; medical instruments",1890,"Tensile Testing Machines",189024,"Instruments",18,737,2023
"Optical, photo, & film equipment; medical instruments",1890,"Hydrometers",189025,"Instruments",18,79011,2023
"Optical, photo, & film equipment; medical instruments",1890,"Gas and Liquid Flow Measuring Instruments",189026,"Instruments",18,94504,2023
"Optical, photo, & film equipment; medical instruments",1890,"Chemical Analysis Instruments",189027,"Instruments",18,242320,2023
"Optical, photo, & film equipment; medical instruments",1890,"Utility Meters",189028,"Instruments",18,1861,2023
"Optical, photo, & film equipment; medical instruments",1890,"Revolution Counters",189029,"Instruments",18,54634,2023
"Optical, photo, & film equipment; medical instruments",1890,"Oscilloscopes",189030,"Instruments",18,175555,2023
"Optical, photo, & film equipment; medical instruments",1890,"Other Measuring Instruments",189031,"Instruments",18,467952,2023
"Optical, photo, & film equipment; medical instruments",1890,"Thermostats",189032,"Instruments",18,65290,2023
"Optical, photo, & film equipment; medical instruments",1890,"Opto-Electric Instrument Parts",189033,"Instruments",18,18160,2023
"Clocks, watches, & parts",1891,"Precious Metal Watches",189101,"Instruments",18,195757,2023
"Clocks, watches, & parts",1891,"Base Metal Watches",189102,"Instruments",18,312909,2023
"Clocks, watches, & parts",1891,"Clocks with Watch Movements",189103,"Instruments",18,4162,2023
"Clocks, watches, & parts",1891,"Dashboard Clocks",189104,"Instruments",18,6225,2023
"Clocks, watches, & parts",1891,"Other Clocks",189105,"Instruments",18,163106,2023
"Clocks, watches, & parts",1891,"Time Recording Instruments",189106,"Instruments",18,425435,2023
"Clocks, watches, & parts",1891,"Watch Movements",189108,"Instruments",18,206,2023
"Clocks, watches, & parts",1891,"Clock Movements",189109,"Instruments",18,223034,2023
"Clocks, watches, & parts",1891,"Incomplete Movement Sets",189110,"Instruments",18,2975,2023
"Clocks, watches, & parts",1891,"Watch Cases and Parts",189111,"Instruments",18,328,2023
"Clocks, watches, & parts",1891,"Clock Cases and Parts",189112,"Instruments",18,4948,2023
"Clocks, watches, & parts",1891,"Watch Straps",189113,"Instruments",18,113653,2023
"Clocks, watches, & parts",1891,"Other Clocks and Watches",189114,"Instruments",18,54,2023
"Musical instruments",1892,"Pianos",189201,"Instruments",18,69,2023
"Musical instruments",1892,"String Instruments",189202,"Instruments",18,1617,2023
"Musical instruments",1892,"Wind Instruments",189205,"Instruments",18,1909,2023
"Musical instruments",1892,"Percussion",189206,"Instruments",18,2956,2023
"Musical instruments",1892,"Electric Musical Instruments",189207,"Instruments",18,27515,2023
"Musical instruments",1892,"Other Musical Instruments",189208,"Instruments",18,12539.999999999998,2023
"Musical instruments",1892,"Musical Instrument Parts",189209,"Instruments",18,11639,2023
"Weapons",1993,"Spring, Air, and Gas Guns",199304,"Weapons",19,29573,2023
"Weapons",1993,"Weapons Parts and Accessories",199305,"Weapons",19,521803,2023
"Weapons",1993,"Explosive Ammunition",199306,"Weapons",19,1818,2023
"Weapons",1993,"Bladed Weapons and Accessories",199307,"Weapons",19,467,2023
"Furniture, bedding, lamps, & prefab buildings",2094,"Seats",209401,"Miscellaneous",20,37047947,2023
"Furniture, bedding, lamps, & prefab buildings",2094,"Medical Furniture",209402,"Miscellaneous",20,13879.999999999998,2023
"Furniture, bedding, lamps, & prefab buildings",2094,"Other Furniture",209403,"Miscellaneous",20,15409517,2023
"Furniture, bedding, lamps, & prefab buildings",2094,"Mattresses",209404,"Miscellaneous",20,41456412,2023
"Furniture, bedding, lamps, & prefab buildings",2094,"Light Fixtures",209405,"Miscellaneous",20,1714503,2023
"Furniture, bedding, lamps, & prefab buildings",2094,"Prefabricated Buildings",209406,"Miscellaneous",20,16221,2023
"Toys, games, & sports",2095,"Other toys",209503,"Miscellaneous",20,78900586,2023
"Toys, games, & sports",2095,"Video and Card Games",209504,"Miscellaneous",20,356383,2023
"Toys, games, & sports",2095,"Party Decorations",209505,"Miscellaneous",20,10205072,2023
"Toys, games, & sports",2095,"Sports Equipment",209506,"Miscellaneous",20,31433202,2023
"Toys, games, & sports",2095,"Fishing and Hunting Equipment",209507,"Miscellaneous",20,1010868.9999999999,2023
"Toys, games, & sports",2095,"Fairground Amusements",209508,"Miscellaneous",20,760.0000000000001,2023
"Misc. manufactures",2096,"Worked Ivory and Bone",209601,"Miscellaneous",20,713,2023
"Misc. manufactures",2096,"Vegetable and Mineral Carvings",209602,"Miscellaneous",20,35177,2023
"Misc. manufactures",2096,"Brooms",209603,"Miscellaneous",20,2108258,2023
"Misc. manufactures",2096,"Hand Sifters",209604,"Miscellaneous",20,2100,2023
"Misc. manufactures",2096,"Travel Kits",209605,"Miscellaneous",20,15013,2023
"Misc. manufactures",2096,"Buttons",209606,"Miscellaneous",20,1747340,2023
"Misc. manufactures",2096,"Zippers",209607,"Miscellaneous",20,1607260,2023
"Misc. manufactures",2096,"Pens",209608,"Miscellaneous",20,281083,2023
"Misc. manufactures",2096,"Pencils and Crayons",209609,"Miscellaneous",20,14822,2023
"Misc. manufactures",2096,"Chalkboards",209610,"Miscellaneous",20,13130,2023
"Misc. manufactures",2096,"Rubber Stamps",209611,"Miscellaneous",20,1315,2023
"Misc. manufactures",2096,"Ink Ribbons",209612,"Miscellaneous",20,28252,2023
"Misc. manufactures",2096,"Lighters",209613,"Miscellaneous",20,3477,2023
"Misc. manufactures",2096,"Smoking Pipes",209614,"Miscellaneous",20,8783,2023
"Misc. manufactures",2096,"Combs",209615,"Miscellaneous",20,14871446,2023
"Misc. manufactures",2096,"Scent Sprays",209616,"Miscellaneous",20,18448,2023
"Misc. manufactures",2096,"Vacuum Flask",209617,"Miscellaneous",20,220473,2023
"Misc. manufactures",2096,"Mannequins",209618,"Miscellaneous",20,5933925,2023
"Misc. manufactures",2096,"Sanitary towels (pads)",209619,"Miscellaneous",20,2888860,2023
"Misc. manufactures",2096,"Monopods, bipods, tripods and similar articles",209620,"Miscellaneous",20,19502.000000000004,2023
"Art & antiques",2197,"Paintings",219701,"Arts and Antiques",21,418019,2023
"Art & antiques",2197,"Prints",219702,"Arts and Antiques",21,28508.000000000004,2023
"Art & antiques",2197,"Sculptures",219703,"Arts and Antiques",21,26060,2023
"Art & antiques",2197,"Revenue Stamps",219704,"Arts and Antiques",21,17924.000000000004,2023
"Art & antiques",2197,"Collector's Items",219705,"Arts and Antiques",21,14843,2023
"Art & antiques",2197,"Antiques",219706,"Arts and Antiques",21,88500,2023